Handle,Title,Body (HTML),Vendor,Type,Tags,Published,Option1 Name,Option1 Value,Option2 Name,Option2 Value,Variant SKU,Variant Grams,Variant Inventory Tracker,Variant Inventory Qty,Variant Inventory Policy,Variant Fulfillment Service,Variant Price,Variant Requires Shipping,Variant Taxable,Image Src,Image Position,Image Alt Text,Variant Image,Status
ld-p09-duschgel-250-ml,"Duschgel, 250 ml","<p>p09</p><p><strong>Gut zu wissen:</strong> Sulfatfrei, pH 5,5, mit Aloe vera und pflanzlichem Glyzerin — mild genug für zweimal tägliches Duschen, auch bei empfindlicher Haut.</p>",LA DOCCIA,Kosmetik,"Kosmetik,dusche,KI-Bild",TRUE,Title,Default Title,,,LD-P09,,shopify,25,deny,manual,14,TRUE,TRUE,https://raw.githubusercontent.com/Hassan-aesthetica/la-doccia/main/assets/p/09_duschgel-250_a.webp,1,"Duschgel, 250 ml",,active
ld-p09-duschgel-250-ml,,,,,,,,,,,,,,,,,,,,https://raw.githubusercontent.com/Hassan-aesthetica/la-doccia/main/assets/p/09_duschgel-250_b.webp,2,"Duschgel, 250 ml",,
ld-p09-duschgel-250-ml,,,,,,,,,,,,,,,,,,,,https://raw.githubusercontent.com/Hassan-aesthetica/la-doccia/main/assets/e/dept-kosmetik.jpg,3,"Duschgel, 250 ml",,
ld-p10-duschgel-500-ml,"Duschgel, 500 ml","<p>p10</p><p><strong>Gut zu wissen:</strong> Sulfatfrei, pH 5,5, mit Aloe vera und pflanzlichem Glyzerin — mild genug für zweimal tägliches Duschen, auch bei empfindlicher Haut.</p>",LA DOCCIA,Kosmetik,"Kosmetik,dusche,KI-Bild",TRUE,Title,Default Title,,,LD-P10,,shopify,25,deny,manual,22,TRUE,TRUE,https://raw.githubusercontent.com/Hassan-aesthetica/la-doccia/main/assets/p/10_duschgel-500_a.webp,1,"Duschgel, 500 ml",,active
ld-p10-duschgel-500-ml,,,,,,,,,,,,,,,,,,,,https://raw.githubusercontent.com/Hassan-aesthetica/la-doccia/main/assets/p/10_duschgel-500_detail.jpg,2,"Duschgel, 500 ml",,
ld-p11-duschoel-200-ml,"Duschöl, 200 ml","<p>p11</p><p><strong>Gut zu wissen:</strong> Sulfatfrei, pH 5,5, mit Aloe vera und pflanzlichem Glyzerin — mild genug für zweimal tägliches Duschen, auch bei empfindlicher Haut.</p>",LA DOCCIA,Kosmetik,"Kosmetik,dusche,KI-Bild",TRUE,Title,Default Title,,,LD-P11,,shopify,25,deny,manual,19,TRUE,TRUE,https://raw.githubusercontent.com/Hassan-aesthetica/la-doccia/main/assets/p/11_duschoel_a.webp,1,"Duschöl, 200 ml",,active
ld-p11-duschoel-200-ml,,,,,,,,,,,,,,,,,,,,https://raw.githubusercontent.com/Hassan-aesthetica/la-doccia/main/assets/p/11_duschoel_b.webp,2,"Duschöl, 200 ml",,
ld-p11-duschoel-200-ml,,,,,,,,,,,,,,,,,,,,https://raw.githubusercontent.com/Hassan-aesthetica/la-doccia/main/assets/p/11_duschoel_c.webp,3,"Duschöl, 200 ml",,
ld-p12-duschpeeling-200-ml,"Duschpeeling, 200 ml","<p>p12</p><p><strong>Gut zu wissen:</strong> Sulfatfrei, pH 5,5, mit Aloe vera und pflanzlichem Glyzerin — mild genug für zweimal tägliches Duschen, auch bei empfindlicher Haut.</p>",LA DOCCIA,Kosmetik,"Kosmetik,dusche,KI-Bild",TRUE,Title,Default Title,,,LD-P12,,shopify,25,deny,manual,18,TRUE,TRUE,https://raw.githubusercontent.com/Hassan-aesthetica/la-doccia/main/assets/p/12_duschpeeling_a.webp,1,"Duschpeeling, 200 ml",,active
ld-p12-duschpeeling-200-ml,,,,,,,,,,,,,,,,,,,,https://raw.githubusercontent.com/Hassan-aesthetica/la-doccia/main/assets/p/12_duschpeeling_b.webp,2,"Duschpeeling, 200 ml",,
ld-p12-duschpeeling-200-ml,,,,,,,,,,,,,,,,,,,,https://raw.githubusercontent.com/Hassan-aesthetica/la-doccia/main/assets/p/12_duschpeeling_c.webp,3,"Duschpeeling, 200 ml",,
ld-p13-bodylotion-250-ml,"Bodylotion, 250 ml","<p>p13</p><p><strong>Gut zu wissen:</strong> Mit Sheabutter und Panthenol, ohne Mineralöl. Auf die noch feuchte Haut auftragen — so bindet sie die Feuchtigkeit am besten.</p>",LA DOCCIA,Kosmetik,"Kosmetik,koerper,KI-Bild",TRUE,Title,Default Title,,,LD-P13,,shopify,25,deny,manual,19,TRUE,TRUE,https://raw.githubusercontent.com/Hassan-aesthetica/la-doccia/main/assets/p/13_neu_a.jpg,1,"Bodylotion, 250 ml",,active
ld-p14-body-butter-200-ml,"Body Butter, 200 ml","<p>p14</p><p><strong>Gut zu wissen:</strong> Mit Sheabutter und Panthenol, ohne Mineralöl. Im Winter großzügiger dosieren, im Sommer reicht eine dünne Schicht auf der noch feuchten Haut.</p>",LA DOCCIA,Kosmetik,"Kosmetik,koerper,KI-Bild",TRUE,Title,Default Title,,,LD-P14,,shopify,25,deny,manual,24,TRUE,TRUE,https://raw.githubusercontent.com/Hassan-aesthetica/la-doccia/main/assets/p/14_body-butter_a.webp,1,"Body Butter, 200 ml",,active
ld-p14-body-butter-200-ml,,,,,,,,,,,,,,,,,,,,https://raw.githubusercontent.com/Hassan-aesthetica/la-doccia/main/assets/p/14_body-butter_b.webp,2,"Body Butter, 200 ml",,
ld-p14-body-butter-200-ml,,,,,,,,,,,,,,,,,,,,https://raw.githubusercontent.com/Hassan-aesthetica/la-doccia/main/assets/p/14_body-butter_c.webp,3,"Body Butter, 200 ml",,
ld-p15-handcreme-50-ml,"Handcreme, 50 ml","<p>p15</p><p><strong>Gut zu wissen:</strong> Mit Sheabutter und Panthenol, ohne Mineralöl. Im Winter großzügiger dosieren, im Sommer reicht eine dünne Schicht auf der noch feuchten Haut.</p>",LA DOCCIA,Kosmetik,"Kosmetik,koerper,KI-Bild",TRUE,Title,Default Title,,,LD-P15,,shopify,25,deny,manual,12,TRUE,TRUE,https://raw.githubusercontent.com/Hassan-aesthetica/la-doccia/main/assets/p/15_handcreme-50_a.webp,1,"Handcreme, 50 ml",,active
ld-p15-handcreme-50-ml,,,,,,,,,,,,,,,,,,,,https://raw.githubusercontent.com/Hassan-aesthetica/la-doccia/main/assets/p/15_handcreme-50_b.webp,2,"Handcreme, 50 ml",,
ld-p15-handcreme-50-ml,,,,,,,,,,,,,,,,,,,,https://raw.githubusercontent.com/Hassan-aesthetica/la-doccia/main/assets/p/15_handcreme-50_c.webp,3,"Handcreme, 50 ml",,
ld-p15-handcreme-50-ml,,,,,,,,,,,,,,,,,,,,https://raw.githubusercontent.com/Hassan-aesthetica/la-doccia/main/assets/e/person-handcreme.jpg,4,"Handcreme, 50 ml",,
ld-p16-handcreme-mini-set-3-30-ml,"Handcreme-Mini-Set, 3 × 30 ml","<p>p16</p><p><strong>Gut zu wissen:</strong> Mit Sheabutter und Panthenol, ohne Mineralöl. Im Winter großzügiger dosieren, im Sommer reicht eine dünne Schicht auf der noch feuchten Haut.</p>",LA DOCCIA,Kosmetik,"Kosmetik,koerper,KI-Bild",TRUE,Title,Default Title,,,LD-P16,,shopify,25,deny,manual,24,TRUE,TRUE,https://raw.githubusercontent.com/Hassan-aesthetica/la-doccia/main/assets/p/16_handcreme-mini-set_a.webp,1,"Handcreme-Mini-Set, 3 × 30 ml",,active
ld-p16-handcreme-mini-set-3-30-ml,,,,,,,,,,,,,,,,,,,,https://raw.githubusercontent.com/Hassan-aesthetica/la-doccia/main/assets/p/16_handcreme-mini-set_b.webp,2,"Handcreme-Mini-Set, 3 × 30 ml",,
ld-p16-handcreme-mini-set-3-30-ml,,,,,,,,,,,,,,,,,,,,https://raw.githubusercontent.com/Hassan-aesthetica/la-doccia/main/assets/p/16_handcreme-mini-set_c.webp,3,"Handcreme-Mini-Set, 3 × 30 ml",,
ld-p17-lippenbalsam,Lippenbalsam,"<p>p17</p><p><strong>Gut zu wissen:</strong> Ohne Mineralöl, mit Bienenwachs und Sheabutter. Passt in jede Kosmetiktasche — auch als Mitgebsel beliebt.</p>",LA DOCCIA,Kosmetik,"Kosmetik,koerper,KI-Bild",TRUE,Title,Default Title,,,LD-P17,,shopify,25,deny,manual,9,TRUE,TRUE,https://raw.githubusercontent.com/Hassan-aesthetica/la-doccia/main/assets/p/17_lippenbalsam_a.webp,1,Lippenbalsam,,active
ld-p17-lippenbalsam,,,,,,,,,,,,,,,,,,,,https://raw.githubusercontent.com/Hassan-aesthetica/la-doccia/main/assets/p/17_lippenbalsam_b.webp,2,Lippenbalsam,,
ld-p17-lippenbalsam,,,,,,,,,,,,,,,,,,,,https://raw.githubusercontent.com/Hassan-aesthetica/la-doccia/main/assets/p/17_lippenbalsam_c.webp,3,Lippenbalsam,,
ld-p21-conditioner-250-ml,"Conditioner, 250 ml","<p>p21</p><p><strong>Gut zu wissen:</strong> Sulfatfrei, mit Panthenol und Arganöl. Mild genug für die tägliche Wäsche; als Kur einmal pro Woche 5 Minuten einwirken lassen.</p>",LA DOCCIA,Kosmetik,"Kosmetik,haar,KI-Bild",TRUE,Title,Default Title,,,LD-P21,,shopify,25,deny,manual,18,TRUE,TRUE,https://raw.githubusercontent.com/Hassan-aesthetica/la-doccia/main/assets/p/21_conditioner_a.webp,1,"Conditioner, 250 ml",,active
ld-p21-conditioner-250-ml,,,,,,,,,,,,,,,,,,,,https://raw.githubusercontent.com/Hassan-aesthetica/la-doccia/main/assets/p/21_conditioner_detail.jpg,2,"Conditioner, 250 ml",,
ld-p22-haarmaske-200-ml,"Haarmaske, 200 ml","<p>p22</p><p><strong>Gut zu wissen:</strong> Sulfatfrei, mit Panthenol und Arganöl. Mild genug für die tägliche Wäsche; als Kur einmal pro Woche 5 Minuten einwirken lassen.</p>",LA DOCCIA,Kosmetik,"Kosmetik,haar,KI-Bild",TRUE,Title,Default Title,,,LD-P22,,shopify,25,deny,manual,24,TRUE,TRUE,https://raw.githubusercontent.com/Hassan-aesthetica/la-doccia/main/assets/p/22_haarmaske_a.webp,1,"Haarmaske, 200 ml",,active
ld-p22-haarmaske-200-ml,,,,,,,,,,,,,,,,,,,,https://raw.githubusercontent.com/Hassan-aesthetica/la-doccia/main/assets/p/22_haarmaske_b.webp,2,"Haarmaske, 200 ml",,
ld-p22-haarmaske-200-ml,,,,,,,,,,,,,,,,,,,,https://raw.githubusercontent.com/Hassan-aesthetica/la-doccia/main/assets/p/22_haarmaske_c.webp,3,"Haarmaske, 200 ml",,
ld-p24-trockenshampoo-150-ml,"Trockenshampoo, 150 ml","<p>p24</p><p><strong>Gut zu wissen:</strong> Sulfatfrei, mit Panthenol und Arganöl. Mild genug für die tägliche Wäsche; als Kur einmal pro Woche 5 Minuten einwirken lassen.</p>",LA DOCCIA,Kosmetik,"Kosmetik,haar,KI-Bild",TRUE,Title,Default Title,,,LD-P24,,shopify,25,deny,manual,16,TRUE,TRUE,https://raw.githubusercontent.com/Hassan-aesthetica/la-doccia/main/assets/p/24_trockenshampoo_a.webp,1,"Trockenshampoo, 150 ml",,active
ld-p24-trockenshampoo-150-ml,,,,,,,,,,,,,,,,,,,,https://raw.githubusercontent.com/Hassan-aesthetica/la-doccia/main/assets/p/24_trockenshampoo_b.webp,2,"Trockenshampoo, 150 ml",,
ld-p24-trockenshampoo-150-ml,,,,,,,,,,,,,,,,,,,,https://raw.githubusercontent.com/Hassan-aesthetica/la-doccia/main/assets/p/24_trockenshampoo_c.webp,3,"Trockenshampoo, 150 ml",,
ld-p25-zahnbuerste,Zahnbürste,"<p>p25</p><p><strong>Gut zu wissen:</strong> Borsten mittelweich, zahnfleischschonend. Alle 3 Monate wechseln — deshalb gibt es das Duo im Vorteilspack.</p>",LA DOCCIA,Kosmetik,"Kosmetik,mund,KI-Bild",TRUE,Title,Default Title,,,LD-P25,,shopify,25,deny,manual,6,TRUE,TRUE,https://raw.githubusercontent.com/Hassan-aesthetica/la-doccia/main/assets/p/25_zahnbuerste_a.webp,1,Zahnbürste,,active
ld-p25-zahnbuerste,,,,,,,,,,,,,,,,,,,,https://raw.githubusercontent.com/Hassan-aesthetica/la-doccia/main/assets/p/25_zahnbuerste_b.webp,2,Zahnbürste,,
ld-p25-zahnbuerste,,,,,,,,,,,,,,,,,,,,https://raw.githubusercontent.com/Hassan-aesthetica/la-doccia/main/assets/p/25_zahnbuerste_c.webp,3,Zahnbürste,,
ld-p28-paddle-haarbuerste,Paddle-Haarbürste,<p>p28</p><p><strong>Gut zu wissen:</strong> Feucht abwischen genügt. Bürsten regelmäßig von Haaren befreien und mit mildem Shampoo auswaschen — so halten sie Jahre.</p>,LA DOCCIA,Kosmetik,"Kosmetik,tools,KI-Bild",TRUE,Title,Default Title,,,LD-P28,,shopify,25,deny,manual,29,TRUE,TRUE,https://raw.githubusercontent.com/Hassan-aesthetica/la-doccia/main/assets/p/28_haarbuerste-paddle_a.webp,1,Paddle-Haarbürste,,active
ld-p28-paddle-haarbuerste,,,,,,,,,,,,,,,,,,,,https://raw.githubusercontent.com/Hassan-aesthetica/la-doccia/main/assets/p/28_haarbuerste-paddle_b.webp,2,Paddle-Haarbürste,,
ld-p28-paddle-haarbuerste,,,,,,,,,,,,,,,,,,,,https://raw.githubusercontent.com/Hassan-aesthetica/la-doccia/main/assets/p/28_haarbuerste-paddle_c.webp,3,Paddle-Haarbürste,,
ld-p29-taschenhaarbuerste,Taschenhaarbürste,<p>p29</p><p><strong>Gut zu wissen:</strong> Feucht abwischen genügt. Bürsten regelmäßig von Haaren befreien und mit mildem Shampoo auswaschen — so halten sie Jahre.</p>,LA DOCCIA,Kosmetik,"Kosmetik,tools,KI-Bild",TRUE,Title,Default Title,,,LD-P29,,shopify,25,deny,manual,16,TRUE,TRUE,https://raw.githubusercontent.com/Hassan-aesthetica/la-doccia/main/assets/p/29_taschenhaarbuerste_a.webp,1,Taschenhaarbürste,,active
ld-p29-taschenhaarbuerste,,,,,,,,,,,,,,,,,,,,https://raw.githubusercontent.com/Hassan-aesthetica/la-doccia/main/assets/p/29_taschenhaarbuerste_b.webp,2,Taschenhaarbürste,,
ld-p29-taschenhaarbuerste,,,,,,,,,,,,,,,,,,,,https://raw.githubusercontent.com/Hassan-aesthetica/la-doccia/main/assets/p/29_taschenhaarbuerste_c.webp,3,Taschenhaarbürste,,
ld-p30-kamm,Kamm,<p>p30</p><p><strong>Gut zu wissen:</strong> Feucht abwischen genügt. Bürsten regelmäßig von Haaren befreien und mit mildem Shampoo auswaschen — so halten sie Jahre.</p>,LA DOCCIA,Kosmetik,"Kosmetik,tools,KI-Bild",TRUE,Title,Default Title,,,LD-P30,,shopify,25,deny,manual,12,TRUE,TRUE,https://raw.githubusercontent.com/Hassan-aesthetica/la-doccia/main/assets/p/30_kamm_a.webp,1,Kamm,,active
ld-p30-kamm,,,,,,,,,,,,,,,,,,,,https://raw.githubusercontent.com/Hassan-aesthetica/la-doccia/main/assets/p/30_kamm_b.webp,2,Kamm,,
ld-p30-kamm,,,,,,,,,,,,,,,,,,,,https://raw.githubusercontent.com/Hassan-aesthetica/la-doccia/main/assets/p/30_kamm_c.webp,3,Kamm,,
ld-p31-nagelfeile,Nagelfeile,<p>p31</p><p><strong>Gut zu wissen:</strong> Feucht abwischen genügt. Bürsten regelmäßig von Haaren befreien und mit mildem Shampoo auswaschen — so halten sie Jahre.</p>,LA DOCCIA,Kosmetik,"Kosmetik,tools,KI-Bild",TRUE,Title,Default Title,,,LD-P31,,shopify,25,deny,manual,8,TRUE,TRUE,https://raw.githubusercontent.com/Hassan-aesthetica/la-doccia/main/assets/p/31_nagelfeile_b.webp,1,Nagelfeile,,active
ld-p31-nagelfeile,,,,,,,,,,,,,,,,,,,,https://raw.githubusercontent.com/Hassan-aesthetica/la-doccia/main/assets/p/31_nagelfeile_c.webp,2,Nagelfeile,,
ld-p33-manikuere-etui-7-teilig,"Maniküre-Etui, 7-teilig","<p>p33</p><p><strong>Gut zu wissen:</strong> Werkzeuge aus rostfreiem Stahl, Etui feucht abwischbar. Auch als Geschenk eine sichere Wahl.</p>",LA DOCCIA,Kosmetik,"Kosmetik,tools,KI-Bild",TRUE,Title,Default Title,,,LD-P33,,shopify,25,deny,manual,39,TRUE,TRUE,https://raw.githubusercontent.com/Hassan-aesthetica/la-doccia/main/assets/p/33_manikuere-etui_a.webp,1,"Maniküre-Etui, 7-teilig",,active
ld-p33-manikuere-etui-7-teilig,,,,,,,,,,,,,,,,,,,,https://raw.githubusercontent.com/Hassan-aesthetica/la-doccia/main/assets/p/33_manikuere-etui_b.webp,2,"Maniküre-Etui, 7-teilig",,
ld-p33-manikuere-etui-7-teilig,,,,,,,,,,,,,,,,,,,,https://raw.githubusercontent.com/Hassan-aesthetica/la-doccia/main/assets/p/33_manikuere-etui_c.webp,3,"Maniküre-Etui, 7-teilig",,
ld-p34-pinzette,Pinzette,<p>p34</p><p><strong>Gut zu wissen:</strong> Feucht abwischen genügt. Bürsten regelmäßig von Haaren befreien und mit mildem Shampoo auswaschen — so halten sie Jahre.</p>,LA DOCCIA,Kosmetik,"Kosmetik,tools,KI-Bild",TRUE,Title,Default Title,,,LD-P34,,shopify,25,deny,manual,12,TRUE,TRUE,https://raw.githubusercontent.com/Hassan-aesthetica/la-doccia/main/assets/p/34_pinzette_a.webp,1,Pinzette,,active
ld-p34-pinzette,,,,,,,,,,,,,,,,,,,,https://raw.githubusercontent.com/Hassan-aesthetica/la-doccia/main/assets/p/34_pinzette_b.webp,2,Pinzette,,
ld-p34-pinzette,,,,,,,,,,,,,,,,,,,,https://raw.githubusercontent.com/Hassan-aesthetica/la-doccia/main/assets/p/34_pinzette_c.webp,3,Pinzette,,
ld-p37-gaestehandtuch-30-50-cm,"Gästehandtuch, 30 × 50 cm","<p>p37</p><p><strong>Gut zu wissen:</strong> Waschbar bei 60 °C, bitte ohne Weichspüler — er legt sich um die Fasern und mindert die Saugkraft. Trocknergeeignet bei niedriger Stufe.</p><p><strong>Material:</strong> 100 % Baumwolle, 600 g/m²</p>",LA DOCCIA,Textil,"Textil,tuecher,KI-Bild",TRUE,Farbe,Orange,,,LD-P37-ORA,,shopify,25,deny,manual,9,TRUE,TRUE,https://raw.githubusercontent.com/Hassan-aesthetica/la-doccia/main/assets/p/37_gaestehandtuch_a.webp,1,"Gästehandtuch, 30 × 50 cm",https://raw.githubusercontent.com/Hassan-aesthetica/la-doccia/main/assets/p/37_gaestehandtuch_a.webp,active
ld-p37-gaestehandtuch-30-50-cm,,,,,,,,Türkis,,,LD-P37-TÜR,,shopify,25,deny,manual,9,TRUE,TRUE,,,,https://raw.githubusercontent.com/Hassan-aesthetica/la-doccia/main/assets/p/39_duschtuch_a.webp,
ld-p37-gaestehandtuch-30-50-cm,,,,,,,,Violett,,,LD-P37-VIO,,shopify,25,deny,manual,9,TRUE,TRUE,,,,https://raw.githubusercontent.com/Hassan-aesthetica/la-doccia/main/assets/p/38_handtuch-50x100_a.webp,
ld-p37-gaestehandtuch-30-50-cm,,,,,,,,,,,,,,,,,,,,https://raw.githubusercontent.com/Hassan-aesthetica/la-doccia/main/assets/p/37_gaestehandtuch_b.webp,2,"Gästehandtuch, 30 × 50 cm",,
ld-p37-gaestehandtuch-30-50-cm,,,,,,,,,,,,,,,,,,,,https://raw.githubusercontent.com/Hassan-aesthetica/la-doccia/main/assets/p/37_gaestehandtuch_c.webp,3,"Gästehandtuch, 30 × 50 cm",,
ld-p38-handtuch-50-100-cm,"Handtuch, 50 × 100 cm","<p>p38</p><p><strong>Gut zu wissen:</strong> Waschbar bei 60 °C, bitte ohne Weichspüler — er legt sich um die Fasern und mindert die Saugkraft. Trocknergeeignet bei niedriger Stufe.</p><p><strong>Material:</strong> 100 % Baumwolle, 600 g/m²</p>",LA DOCCIA,Textil,"Textil,tuecher,KI-Bild",TRUE,Farbe,Violett,,,LD-P38-VIO,,shopify,25,deny,manual,16,TRUE,TRUE,https://raw.githubusercontent.com/Hassan-aesthetica/la-doccia/main/assets/p/38_handtuch-50x100_a.webp,1,"Handtuch, 50 × 100 cm",https://raw.githubusercontent.com/Hassan-aesthetica/la-doccia/main/assets/p/38_handtuch-50x100_a.webp,active
ld-p38-handtuch-50-100-cm,,,,,,,,Gelb,,,LD-P38-GEL,,shopify,25,deny,manual,16,TRUE,TRUE,,,,https://raw.githubusercontent.com/Hassan-aesthetica/la-doccia/main/assets/p/40_badetuch_a.webp,
ld-p38-handtuch-50-100-cm,,,,,,,,Türkis,,,LD-P38-TÜR,,shopify,25,deny,manual,16,TRUE,TRUE,,,,https://raw.githubusercontent.com/Hassan-aesthetica/la-doccia/main/assets/p/39_duschtuch_a.webp,
ld-p38-handtuch-50-100-cm,,,,,,,,,,,,,,,,,,,,https://raw.githubusercontent.com/Hassan-aesthetica/la-doccia/main/assets/p/38_handtuch-50x100_b.webp,2,"Handtuch, 50 × 100 cm",,
ld-p38-handtuch-50-100-cm,,,,,,,,,,,,,,,,,,,,https://raw.githubusercontent.com/Hassan-aesthetica/la-doccia/main/assets/p/38_handtuch-50x100_c.webp,3,"Handtuch, 50 × 100 cm",,
ld-p39-duschtuch-70-140-cm,"Duschtuch, 70 × 140 cm","<p>p39</p><p><strong>Gut zu wissen:</strong> Waschbar bei 60 °C, bitte ohne Weichspüler — er legt sich um die Fasern und mindert die Saugkraft. Trocknergeeignet bei niedriger Stufe.</p><p><strong>Material:</strong> 100 % Baumwolle, 600 g/m²</p>",LA DOCCIA,Textil,"Textil,tuecher,KI-Bild",TRUE,Farbe,Türkis,,,LD-P39-TÜR,,shopify,25,deny,manual,29,TRUE,TRUE,https://raw.githubusercontent.com/Hassan-aesthetica/la-doccia/main/assets/p/39_duschtuch_a.webp,1,"Duschtuch, 70 × 140 cm",https://raw.githubusercontent.com/Hassan-aesthetica/la-doccia/main/assets/p/39_duschtuch_a.webp,active
ld-p39-duschtuch-70-140-cm,,,,,,,,Gelb,,,LD-P39-GEL,,shopify,25,deny,manual,29,TRUE,TRUE,,,,https://raw.githubusercontent.com/Hassan-aesthetica/la-doccia/main/assets/p/40_badetuch_a.webp,
ld-p39-duschtuch-70-140-cm,,,,,,,,Violett,,,LD-P39-VIO,,shopify,25,deny,manual,29,TRUE,TRUE,,,,https://raw.githubusercontent.com/Hassan-aesthetica/la-doccia/main/assets/p/38_handtuch-50x100_a.webp,
ld-p39-duschtuch-70-140-cm,,,,,,,,,,,,,,,,,,,,https://raw.githubusercontent.com/Hassan-aesthetica/la-doccia/main/assets/p/39_duschtuch_b.webp,2,"Duschtuch, 70 × 140 cm",,
ld-p39-duschtuch-70-140-cm,,,,,,,,,,,,,,,,,,,,https://raw.githubusercontent.com/Hassan-aesthetica/la-doccia/main/assets/p/39_duschtuch_c.webp,3,"Duschtuch, 70 × 140 cm",,
ld-p40-duschtuch-xl-100-180-cm,"Duschtuch XL, 100 × 180 cm","<p>p40</p><p><strong>Gut zu wissen:</strong> Waschbar bei 60 °C, bitte ohne Weichspüler — er legt sich um die Fasern und mindert die Saugkraft. Trocknergeeignet bei niedriger Stufe.</p><p><strong>Material:</strong> 100 % Baumwolle, 600 g/m²</p>",LA DOCCIA,Textil,"Textil,tuecher,KI-Bild",TRUE,Farbe,Gelb,,,LD-P40-GEL,,shopify,25,deny,manual,39,TRUE,TRUE,https://raw.githubusercontent.com/Hassan-aesthetica/la-doccia/main/assets/p/40_badetuch_a.webp,1,"Duschtuch XL, 100 × 180 cm",https://raw.githubusercontent.com/Hassan-aesthetica/la-doccia/main/assets/p/40_badetuch_a.webp,active
ld-p40-duschtuch-xl-100-180-cm,,,,,,,,Türkis,,,LD-P40-TÜR,,shopify,25,deny,manual,39,TRUE,TRUE,,,,https://raw.githubusercontent.com/Hassan-aesthetica/la-doccia/main/assets/p/39_duschtuch_a.webp,
ld-p40-duschtuch-xl-100-180-cm,,,,,,,,Violett,,,LD-P40-VIO,,shopify,25,deny,manual,39,TRUE,TRUE,,,,https://raw.githubusercontent.com/Hassan-aesthetica/la-doccia/main/assets/p/38_handtuch-50x100_a.webp,
ld-p40-duschtuch-xl-100-180-cm,,,,,,,,,,,,,,,,,,,,https://raw.githubusercontent.com/Hassan-aesthetica/la-doccia/main/assets/p/40_badetuch_b.webp,2,"Duschtuch XL, 100 × 180 cm",,
ld-p40-duschtuch-xl-100-180-cm,,,,,,,,,,,,,,,,,,,,https://raw.githubusercontent.com/Hassan-aesthetica/la-doccia/main/assets/p/40_badetuch_c.webp,3,"Duschtuch XL, 100 × 180 cm",,
ld-p41-handtuch-set-4-teilig,"Handtuch-Set, 4-teilig","<p>p41</p><p><strong>Gut zu wissen:</strong> Waschbar bei 60 °C, bitte ohne Weichspüler — er legt sich um die Fasern und mindert die Saugkraft. Trocknergeeignet bei niedriger Stufe.</p><p><strong>Material:</strong> 100 % Baumwolle, 600 g/m²</p>",LA DOCCIA,Textil,"Textil,tuecher,KI-Bild",TRUE,Farbe,Gelb,,,LD-P41-GEL,,shopify,25,deny,manual,59,TRUE,TRUE,https://raw.githubusercontent.com/Hassan-aesthetica/la-doccia/main/assets/p/41_handtuch-set-4_a.webp,1,"Handtuch-Set, 4-teilig",,active
ld-p41-handtuch-set-4-teilig,,,,,,,,Orange,,,LD-P41-ORA,,shopify,25,deny,manual,59,TRUE,TRUE,,,,,
ld-p41-handtuch-set-4-teilig,,,,,,,,Türkis,,,LD-P41-TÜR,,shopify,25,deny,manual,59,TRUE,TRUE,,,,,
ld-p41-handtuch-set-4-teilig,,,,,,,,Violett,,,LD-P41-VIO,,shopify,25,deny,manual,59,TRUE,TRUE,,,,,
ld-p41-handtuch-set-4-teilig,,,,,,,,,,,,,,,,,,,,https://raw.githubusercontent.com/Hassan-aesthetica/la-doccia/main/assets/p/41_handtuch-set-4_b.webp,2,"Handtuch-Set, 4-teilig",,
ld-p41-handtuch-set-4-teilig,,,,,,,,,,,,,,,,,,,,https://raw.githubusercontent.com/Hassan-aesthetica/la-doccia/main/assets/p/41_handtuch-set-4_c.webp,3,"Handtuch-Set, 4-teilig",,
ld-p42-morgenmantel-frottee,Morgenmantel Frottee,"<p>p42</p><p><strong>Gut zu wissen:</strong> Waschbar bei 40 °C, kein Weichspüler. Vor dem ersten Tragen einmal waschen — dann ist der Flor am weichsten.</p><p><strong>Material:</strong> 100 % Baumwolle, 400 g/m²</p>",LA DOCCIA,Textil,"Textil,maentel,KI-Bild",TRUE,Größe,S,,,LD-P42-S,,shopify,25,deny,manual,99,TRUE,TRUE,https://raw.githubusercontent.com/Hassan-aesthetica/la-doccia/main/assets/p/42_morgenmantel-frottee_a.webp,1,Morgenmantel Frottee,,active
ld-p42-morgenmantel-frottee,,,,,,,,M,,,LD-P42-M,,shopify,25,deny,manual,99,TRUE,TRUE,,,,,
ld-p42-morgenmantel-frottee,,,,,,,,L,,,LD-P42-L,,shopify,25,deny,manual,99,TRUE,TRUE,,,,,
ld-p42-morgenmantel-frottee,,,,,,,,XL,,,LD-P42-XL,,shopify,25,deny,manual,99,TRUE,TRUE,,,,,
ld-p42-morgenmantel-frottee,,,,,,,,,,,,,,,,,,,,https://raw.githubusercontent.com/Hassan-aesthetica/la-doccia/main/assets/p/42_morgenmantel-frottee_b.webp,2,Morgenmantel Frottee,,
ld-p42-morgenmantel-frottee,,,,,,,,,,,,,,,,,,,,https://raw.githubusercontent.com/Hassan-aesthetica/la-doccia/main/assets/p/42_morgenmantel-frottee_c.webp,3,Morgenmantel Frottee,,
ld-p42-morgenmantel-frottee,,,,,,,,,,,,,,,,,,,,https://raw.githubusercontent.com/Hassan-aesthetica/la-doccia/main/assets/e/person-frottee-mantel.jpg,4,Morgenmantel Frottee,,
ld-p43-morgenmantel-kimono,Morgenmantel Kimono,"<p>p43</p><p><strong>Gut zu wissen:</strong> Waschbar bei 40 °C, kein Weichspüler. Vor dem ersten Tragen einmal waschen — dann ist der Flor am weichsten.</p><p><strong>Material:</strong> 100 % Baumwolle, 300 g/m²</p>",LA DOCCIA,Textil,"Textil,maentel,KI-Bild",TRUE,Größe,S,,,LD-P43-S,,shopify,25,deny,manual,119,TRUE,TRUE,https://raw.githubusercontent.com/Hassan-aesthetica/la-doccia/main/assets/p/43_morgenmantel-kimono_a.webp,1,Morgenmantel Kimono,,active
ld-p43-morgenmantel-kimono,,,,,,,,M,,,LD-P43-M,,shopify,25,deny,manual,119,TRUE,TRUE,,,,,
ld-p43-morgenmantel-kimono,,,,,,,,L,,,LD-P43-L,,shopify,25,deny,manual,119,TRUE,TRUE,,,,,
ld-p43-morgenmantel-kimono,,,,,,,,XL,,,LD-P43-XL,,shopify,25,deny,manual,119,TRUE,TRUE,,,,,
ld-p43-morgenmantel-kimono,,,,,,,,,,,,,,,,,,,,https://raw.githubusercontent.com/Hassan-aesthetica/la-doccia/main/assets/p/43_morgenmantel-kimono_b.webp,2,Morgenmantel Kimono,,
ld-p43-morgenmantel-kimono,,,,,,,,,,,,,,,,,,,,https://raw.githubusercontent.com/Hassan-aesthetica/la-doccia/main/assets/p/43_morgenmantel-kimono_c.webp,3,Morgenmantel Kimono,,
ld-p43-morgenmantel-kimono,,,,,,,,,,,,,,,,,,,,https://raw.githubusercontent.com/Hassan-aesthetica/la-doccia/main/assets/e/person-kimono.jpg,4,Morgenmantel Kimono,,
ld-p44-haarturban,Haarturban,"<p>p44</p><p><strong>Gut zu wissen:</strong> Waschbar bei 40 °C, kein Weichspüler. Vor dem ersten Tragen einmal waschen — dann ist der Flor am weichsten.</p><p><strong>Material:</strong> 100 % Baumwolle, 350 g/m²</p>",LA DOCCIA,Textil,"Textil,maentel,KI-Bild",TRUE,Title,Default Title,,,LD-P44,,shopify,25,deny,manual,19,TRUE,TRUE,https://raw.githubusercontent.com/Hassan-aesthetica/la-doccia/main/assets/p/44_haarturban_a.webp,1,Haarturban,,active
ld-p44-haarturban,,,,,,,,,,,,,,,,,,,,https://raw.githubusercontent.com/Hassan-aesthetica/la-doccia/main/assets/p/44_haarturban_b.webp,2,Haarturban,,
ld-p44-haarturban,,,,,,,,,,,,,,,,,,,,https://raw.githubusercontent.com/Hassan-aesthetica/la-doccia/main/assets/p/44_haarturban_c.webp,3,Haarturban,,
ld-p44-haarturban,,,,,,,,,,,,,,,,,,,,https://raw.githubusercontent.com/Hassan-aesthetica/la-doccia/main/assets/e/person-turban.jpg,4,Haarturban,,
ld-p45-waschhandschuh,Waschhandschuh,"<p>p45</p><p><strong>Gut zu wissen:</strong> Waschbar bei 40 °C, kein Weichspüler. Vor dem ersten Tragen einmal waschen — dann ist der Flor am weichsten.</p><p><strong>Material:</strong> 100 % Baumwolle, 500 g/m²</p>",LA DOCCIA,Textil,"Textil,maentel,KI-Bild",TRUE,Title,Default Title,,,LD-P45,,shopify,25,deny,manual,8,TRUE,TRUE,https://raw.githubusercontent.com/Hassan-aesthetica/la-doccia/main/assets/p/45_waschhandschuh_a.webp,1,Waschhandschuh,,active
ld-p45-waschhandschuh,,,,,,,,,,,,,,,,,,,,https://raw.githubusercontent.com/Hassan-aesthetica/la-doccia/main/assets/p/45_waschhandschuh_b.webp,2,Waschhandschuh,,
ld-p45-waschhandschuh,,,,,,,,,,,,,,,,,,,,https://raw.githubusercontent.com/Hassan-aesthetica/la-doccia/main/assets/p/45_waschhandschuh_c.webp,3,Waschhandschuh,,
ld-p46-duschvorleger-50-80-cm,"Duschvorleger, 50 × 80 cm","<p>p46</p><p><strong>Gut zu wissen:</strong> Waschbar bei 40 °C, kein Weichspüler. Vor dem ersten Tragen einmal waschen — dann ist der Flor am weichsten.</p><p><strong>Material:</strong> 100 % Baumwolle, 900 g/m²</p>",LA DOCCIA,Textil,"Textil,maentel,KI-Bild",TRUE,Title,Default Title,,,LD-P46,,shopify,25,deny,manual,29,TRUE,TRUE,https://raw.githubusercontent.com/Hassan-aesthetica/la-doccia/main/assets/p/46_badematte_a.webp,1,"Duschvorleger, 50 × 80 cm",,active
ld-p46-duschvorleger-50-80-cm,,,,,,,,,,,,,,,,,,,,https://raw.githubusercontent.com/Hassan-aesthetica/la-doccia/main/assets/p/46_badematte_b.webp,2,"Duschvorleger, 50 × 80 cm",,
ld-p46-duschvorleger-50-80-cm,,,,,,,,,,,,,,,,,,,,https://raw.githubusercontent.com/Hassan-aesthetica/la-doccia/main/assets/p/46_badematte_c.webp,3,"Duschvorleger, 50 × 80 cm",,
ld-p47-hausschuhe,Hausschuhe,"<p>p47</p><p><strong>Gut zu wissen:</strong> Die Sohle ist rutschhemmend profiliert. Feucht abwischen bzw. bei 30 °C waschen (Frottee-Modelle).</p><p><strong>Material:</strong> Obermaterial Baumwollfrottee, Sohle rutschhemmend</p>",LA DOCCIA,Mode,"Mode,schuhe,KI-Bild",TRUE,Größe,36/37,Farbe,Weiß,LD-P47-3637-WEI,,shopify,25,deny,manual,34,TRUE,TRUE,https://raw.githubusercontent.com/Hassan-aesthetica/la-doccia/main/assets/p/47_hausschuhe_neu_a.jpg,1,Hausschuhe,https://raw.githubusercontent.com/Hassan-aesthetica/la-doccia/main/assets/p/47_hausschuhe_neu_a.jpg,active
ld-p47-hausschuhe,,,,,,,,36/37,,Gelb,LD-P47-3637-GEL,,shopify,25,deny,manual,34,TRUE,TRUE,,,,https://raw.githubusercontent.com/Hassan-aesthetica/la-doccia/main/assets/p/47_hausschuhe_gelb.jpg,
ld-p47-hausschuhe,,,,,,,,36/37,,Türkis,LD-P47-3637-TÜR,,shopify,25,deny,manual,34,TRUE,TRUE,,,,https://raw.githubusercontent.com/Hassan-aesthetica/la-doccia/main/assets/p/47_hausschuhe_tuerkis.jpg,
ld-p47-hausschuhe,,,,,,,,38/39,,Weiß,LD-P47-3839-WEI,,shopify,25,deny,manual,34,TRUE,TRUE,,,,https://raw.githubusercontent.com/Hassan-aesthetica/la-doccia/main/assets/p/47_hausschuhe_neu_a.jpg,
ld-p47-hausschuhe,,,,,,,,38/39,,Gelb,LD-P47-3839-GEL,,shopify,25,deny,manual,34,TRUE,TRUE,,,,https://raw.githubusercontent.com/Hassan-aesthetica/la-doccia/main/assets/p/47_hausschuhe_gelb.jpg,
ld-p47-hausschuhe,,,,,,,,38/39,,Türkis,LD-P47-3839-TÜR,,shopify,25,deny,manual,34,TRUE,TRUE,,,,https://raw.githubusercontent.com/Hassan-aesthetica/la-doccia/main/assets/p/47_hausschuhe_tuerkis.jpg,
ld-p47-hausschuhe,,,,,,,,40/41,,Weiß,LD-P47-4041-WEI,,shopify,25,deny,manual,34,TRUE,TRUE,,,,https://raw.githubusercontent.com/Hassan-aesthetica/la-doccia/main/assets/p/47_hausschuhe_neu_a.jpg,
ld-p47-hausschuhe,,,,,,,,40/41,,Gelb,LD-P47-4041-GEL,,shopify,25,deny,manual,34,TRUE,TRUE,,,,https://raw.githubusercontent.com/Hassan-aesthetica/la-doccia/main/assets/p/47_hausschuhe_gelb.jpg,
ld-p47-hausschuhe,,,,,,,,40/41,,Türkis,LD-P47-4041-TÜR,,shopify,25,deny,manual,34,TRUE,TRUE,,,,https://raw.githubusercontent.com/Hassan-aesthetica/la-doccia/main/assets/p/47_hausschuhe_tuerkis.jpg,
ld-p47-hausschuhe,,,,,,,,42/43,,Weiß,LD-P47-4243-WEI,,shopify,25,deny,manual,34,TRUE,TRUE,,,,https://raw.githubusercontent.com/Hassan-aesthetica/la-doccia/main/assets/p/47_hausschuhe_neu_a.jpg,
ld-p47-hausschuhe,,,,,,,,42/43,,Gelb,LD-P47-4243-GEL,,shopify,25,deny,manual,34,TRUE,TRUE,,,,https://raw.githubusercontent.com/Hassan-aesthetica/la-doccia/main/assets/p/47_hausschuhe_gelb.jpg,
ld-p47-hausschuhe,,,,,,,,42/43,,Türkis,LD-P47-4243-TÜR,,shopify,25,deny,manual,34,TRUE,TRUE,,,,https://raw.githubusercontent.com/Hassan-aesthetica/la-doccia/main/assets/p/47_hausschuhe_tuerkis.jpg,
ld-p47-hausschuhe,,,,,,,,,,,,,,,,,,,,https://raw.githubusercontent.com/Hassan-aesthetica/la-doccia/main/assets/p/47_hausschuhe_neu_b.jpg,2,Hausschuhe,,
ld-p47-hausschuhe,,,,,,,,,,,,,,,,,,,,https://raw.githubusercontent.com/Hassan-aesthetica/la-doccia/main/assets/p/47_hausschuhe_neu_c.jpg,3,Hausschuhe,,
ld-p48-pantoletten,Pantoletten,"<p>p48</p><p><strong>Gut zu wissen:</strong> Die Sohle ist rutschhemmend profiliert. Feucht abwischen bzw. bei 30 °C waschen (Frottee-Modelle).</p><p><strong>Material:</strong> EVA, wasserfest</p>",LA DOCCIA,Mode,"Mode,schuhe,KI-Bild",TRUE,Größe,36/37,Farbe,Gelb,LD-P48-3637-GEL,,shopify,25,deny,manual,29,TRUE,TRUE,https://raw.githubusercontent.com/Hassan-aesthetica/la-doccia/main/assets/p/48_badeschlappen_a.webp,1,Pantoletten,https://raw.githubusercontent.com/Hassan-aesthetica/la-doccia/main/assets/p/48_badeschlappen_a.webp,active
ld-p48-pantoletten,,,,,,,,36/37,,Türkis,LD-P48-3637-TÜR,,shopify,25,deny,manual,29,TRUE,TRUE,,,,https://raw.githubusercontent.com/Hassan-aesthetica/la-doccia/main/assets/p/48_badeschlappen_tuerkis.jpg,
ld-p48-pantoletten,,,,,,,,36/37,,Weiß,LD-P48-3637-WEI,,shopify,25,deny,manual,29,TRUE,TRUE,,,,https://raw.githubusercontent.com/Hassan-aesthetica/la-doccia/main/assets/p/48_badeschlappen_weiss.jpg,
ld-p48-pantoletten,,,,,,,,38/39,,Gelb,LD-P48-3839-GEL,,shopify,25,deny,manual,29,TRUE,TRUE,,,,https://raw.githubusercontent.com/Hassan-aesthetica/la-doccia/main/assets/p/48_badeschlappen_a.webp,
ld-p48-pantoletten,,,,,,,,38/39,,Türkis,LD-P48-3839-TÜR,,shopify,25,deny,manual,29,TRUE,TRUE,,,,https://raw.githubusercontent.com/Hassan-aesthetica/la-doccia/main/assets/p/48_badeschlappen_tuerkis.jpg,
ld-p48-pantoletten,,,,,,,,38/39,,Weiß,LD-P48-3839-WEI,,shopify,25,deny,manual,29,TRUE,TRUE,,,,https://raw.githubusercontent.com/Hassan-aesthetica/la-doccia/main/assets/p/48_badeschlappen_weiss.jpg,
ld-p48-pantoletten,,,,,,,,40/41,,Gelb,LD-P48-4041-GEL,,shopify,25,deny,manual,29,TRUE,TRUE,,,,https://raw.githubusercontent.com/Hassan-aesthetica/la-doccia/main/assets/p/48_badeschlappen_a.webp,
ld-p48-pantoletten,,,,,,,,40/41,,Türkis,LD-P48-4041-TÜR,,shopify,25,deny,manual,29,TRUE,TRUE,,,,https://raw.githubusercontent.com/Hassan-aesthetica/la-doccia/main/assets/p/48_badeschlappen_tuerkis.jpg,
ld-p48-pantoletten,,,,,,,,40/41,,Weiß,LD-P48-4041-WEI,,shopify,25,deny,manual,29,TRUE,TRUE,,,,https://raw.githubusercontent.com/Hassan-aesthetica/la-doccia/main/assets/p/48_badeschlappen_weiss.jpg,
ld-p48-pantoletten,,,,,,,,42/43,,Gelb,LD-P48-4243-GEL,,shopify,25,deny,manual,29,TRUE,TRUE,,,,https://raw.githubusercontent.com/Hassan-aesthetica/la-doccia/main/assets/p/48_badeschlappen_a.webp,
ld-p48-pantoletten,,,,,,,,42/43,,Türkis,LD-P48-4243-TÜR,,shopify,25,deny,manual,29,TRUE,TRUE,,,,https://raw.githubusercontent.com/Hassan-aesthetica/la-doccia/main/assets/p/48_badeschlappen_tuerkis.jpg,
ld-p48-pantoletten,,,,,,,,42/43,,Weiß,LD-P48-4243-WEI,,shopify,25,deny,manual,29,TRUE,TRUE,,,,https://raw.githubusercontent.com/Hassan-aesthetica/la-doccia/main/assets/p/48_badeschlappen_weiss.jpg,
ld-p48-pantoletten,,,,,,,,,,,,,,,,,,,,https://raw.githubusercontent.com/Hassan-aesthetica/la-doccia/main/assets/p/48_badeschlappen_b.webp,2,Pantoletten,,
ld-p48-pantoletten,,,,,,,,,,,,,,,,,,,,https://raw.githubusercontent.com/Hassan-aesthetica/la-doccia/main/assets/e/person-pantoletten.jpg,3,Pantoletten,,
ld-p49-kosmetiktasche-klein,Kosmetiktasche klein,"<p>p49</p><p><strong>Gut zu wissen:</strong> Innen beschichtet — ausgelaufene Kosmetik einfach feucht auswischen. Außen bei Bedarf Handwäsche bei 30 °C, nicht in den Trockner.</p><p><strong>Material:</strong> Baumwoll-Canvas, beschichtet</p>",LA DOCCIA,Mode,"Mode,taschen,KI-Bild",TRUE,Title,Default Title,,,LD-P49,,shopify,25,deny,manual,24,TRUE,TRUE,https://raw.githubusercontent.com/Hassan-aesthetica/la-doccia/main/assets/p/49_kosmetiktasche-klein_a.webp,1,Kosmetiktasche klein,,active
ld-p49-kosmetiktasche-klein,,,,,,,,,,,,,,,,,,,,https://raw.githubusercontent.com/Hassan-aesthetica/la-doccia/main/assets/p/49_kosmetiktasche-klein_b.webp,2,Kosmetiktasche klein,,
ld-p49-kosmetiktasche-klein,,,,,,,,,,,,,,,,,,,,https://raw.githubusercontent.com/Hassan-aesthetica/la-doccia/main/assets/p/49_kosmetiktasche-klein_c.webp,3,Kosmetiktasche klein,,
ld-p49-kosmetiktasche-klein,,,,,,,,,,,,,,,,,,,,https://raw.githubusercontent.com/Hassan-aesthetica/la-doccia/main/assets/e/person-kosmetiktasche.jpg,4,Kosmetiktasche klein,,
ld-p50-kosmetiktasche-gross,Kosmetiktasche groß,"<p>p50</p><p><strong>Gut zu wissen:</strong> Innen beschichtet — ausgelaufene Kosmetik einfach feucht auswischen. Außen bei Bedarf Handwäsche bei 30 °C, nicht in den Trockner.</p><p><strong>Material:</strong> Baumwoll-Canvas, beschichtet</p>",LA DOCCIA,Mode,"Mode,taschen,KI-Bild",TRUE,Title,Default Title,,,LD-P50,,shopify,25,deny,manual,34,TRUE,TRUE,https://raw.githubusercontent.com/Hassan-aesthetica/la-doccia/main/assets/p/50_kosmetiktasche-gross_a.webp,1,Kosmetiktasche groß,,active
ld-p50-kosmetiktasche-gross,,,,,,,,,,,,,,,,,,,,https://raw.githubusercontent.com/Hassan-aesthetica/la-doccia/main/assets/p/50_kosmetiktasche-gross_b.webp,2,Kosmetiktasche groß,,
ld-p50-kosmetiktasche-gross,,,,,,,,,,,,,,,,,,,,https://raw.githubusercontent.com/Hassan-aesthetica/la-doccia/main/assets/p/50_kosmetiktasche-gross_c.webp,3,Kosmetiktasche groß,,
ld-p51-kulturbeutel,Kulturbeutel,"<p>p51</p><p><strong>Gut zu wissen:</strong> Innen beschichtet — ausgelaufene Kosmetik einfach feucht auswischen. Außen bei Bedarf Handwäsche bei 30 °C, nicht in den Trockner.</p><p><strong>Material:</strong> Baumwoll-Canvas, beschichtet</p>",LA DOCCIA,Mode,"Mode,taschen,KI-Bild",TRUE,Title,Default Title,,,LD-P51,,shopify,25,deny,manual,39,TRUE,TRUE,https://raw.githubusercontent.com/Hassan-aesthetica/la-doccia/main/assets/p/51_kulturbeutel_a.webp,1,Kulturbeutel,,active
ld-p51-kulturbeutel,,,,,,,,,,,,,,,,,,,,https://raw.githubusercontent.com/Hassan-aesthetica/la-doccia/main/assets/p/51_kulturbeutel_b.webp,2,Kulturbeutel,,
ld-p51-kulturbeutel,,,,,,,,,,,,,,,,,,,,https://raw.githubusercontent.com/Hassan-aesthetica/la-doccia/main/assets/p/51_kulturbeutel_c.webp,3,Kulturbeutel,,
ld-p60-antirutschmatte,Antirutschmatte,<p>p60</p><p><strong>Gut zu wissen:</strong> Saugnäpfe auf glattem Untergrund fest andrücken. Waschbar bei 30 °C — hygienischer als jede Einwegmatte.</p>,LA DOCCIA,Zubehör,"Zubehör,zub,KI-Bild",TRUE,Title,Default Title,,,LD-P60,,shopify,25,deny,manual,19,TRUE,TRUE,https://raw.githubusercontent.com/Hassan-aesthetica/la-doccia/main/assets/p/60_antirutschmatte_a.webp,1,Antirutschmatte,,active
ld-p60-antirutschmatte,,,,,,,,,,,,,,,,,,,,https://raw.githubusercontent.com/Hassan-aesthetica/la-doccia/main/assets/p/60_antirutschmatte_b.webp,2,Antirutschmatte,,
ld-p60-antirutschmatte,,,,,,,,,,,,,,,,,,,,https://raw.githubusercontent.com/Hassan-aesthetica/la-doccia/main/assets/p/60_antirutschmatte_c.webp,3,Antirutschmatte,,
ld-p61-armband-quattro,Armband „Quattro“,"<p>p61</p><p><strong>Gut zu wissen:</strong> Wasserfest und hautfreundlich: bleibt beim Duschen, Schwimmen und Sport einfach am Arm. Feucht abwischen genügt.</p>",LA DOCCIA,Schmuck,"Schmuck,armschmuck,KI-Bild",TRUE,Farbe,Gelb,,,LD-P61-GEL,,shopify,25,deny,manual,19,TRUE,TRUE,https://raw.githubusercontent.com/Hassan-aesthetica/la-doccia/main/assets/p/61_armband_gelb_a.jpg,1,Armband „Quattro“,https://raw.githubusercontent.com/Hassan-aesthetica/la-doccia/main/assets/p/61_armband_gelb_a.jpg,active
ld-p61-armband-quattro,,,,,,,,Türkis,,,LD-P61-TÜR,,shopify,25,deny,manual,19,TRUE,TRUE,,,,https://raw.githubusercontent.com/Hassan-aesthetica/la-doccia/main/assets/p/61_armband_tuerkis_a.jpg,
ld-p61-armband-quattro,,,,,,,,Violett,,,LD-P61-VIO,,shopify,25,deny,manual,19,TRUE,TRUE,,,,https://raw.githubusercontent.com/Hassan-aesthetica/la-doccia/main/assets/p/61_armband_violett_a.jpg,
ld-p61-armband-quattro,,,,,,,,,,,,,,,,,,,,https://raw.githubusercontent.com/Hassan-aesthetica/la-doccia/main/assets/p/61_armband_b.jpg,2,Armband „Quattro“,,
ld-p61-armband-quattro,,,,,,,,,,,,,,,,,,,,https://raw.githubusercontent.com/Hassan-aesthetica/la-doccia/main/assets/p/61_armband_c.jpg,3,Armband „Quattro“,,
ld-p62-regenjacke-perla,Regenjacke „Perla“,"<p>p62</p><p><strong>Gut zu wissen:</strong> Wassersäule 10.000 mm, verschweißte Nähte, PFC-freie Imprägnierung. Bei 30 °C waschen und die Imprägnierung anschließend im Trockner kurz reaktivieren.</p><p><strong>Material:</strong> 100 % Polyester, PFC-frei imprägniert</p>",LA DOCCIA,Mode,"Mode,regen,KI-Bild",TRUE,Größe,S,Farbe,Türkis,LD-P62-S-TÜR,,shopify,25,deny,manual,249,TRUE,TRUE,https://raw.githubusercontent.com/Hassan-aesthetica/la-doccia/main/assets/p/62_regenjacke_tuerkis_a.jpg,1,Regenjacke „Perla“,https://raw.githubusercontent.com/Hassan-aesthetica/la-doccia/main/assets/p/62_regenjacke_tuerkis_a.jpg,active
ld-p62-regenjacke-perla,,,,,,,,S,,Gelb,LD-P62-S-GEL,,shopify,25,deny,manual,249,TRUE,TRUE,,,,https://raw.githubusercontent.com/Hassan-aesthetica/la-doccia/main/assets/p/62_regenjacke_gelb_a.jpg,
ld-p62-regenjacke-perla,,,,,,,,S,,Violett,LD-P62-S-VIO,,shopify,25,deny,manual,249,TRUE,TRUE,,,,https://raw.githubusercontent.com/Hassan-aesthetica/la-doccia/main/assets/p/62_regenjacke_violett_a.jpg,
ld-p62-regenjacke-perla,,,,,,,,M,,Türkis,LD-P62-M-TÜR,,shopify,25,deny,manual,249,TRUE,TRUE,,,,https://raw.githubusercontent.com/Hassan-aesthetica/la-doccia/main/assets/p/62_regenjacke_tuerkis_a.jpg,
ld-p62-regenjacke-perla,,,,,,,,M,,Gelb,LD-P62-M-GEL,,shopify,25,deny,manual,249,TRUE,TRUE,,,,https://raw.githubusercontent.com/Hassan-aesthetica/la-doccia/main/assets/p/62_regenjacke_gelb_a.jpg,
ld-p62-regenjacke-perla,,,,,,,,M,,Violett,LD-P62-M-VIO,,shopify,25,deny,manual,249,TRUE,TRUE,,,,https://raw.githubusercontent.com/Hassan-aesthetica/la-doccia/main/assets/p/62_regenjacke_violett_a.jpg,
ld-p62-regenjacke-perla,,,,,,,,L,,Türkis,LD-P62-L-TÜR,,shopify,25,deny,manual,249,TRUE,TRUE,,,,https://raw.githubusercontent.com/Hassan-aesthetica/la-doccia/main/assets/p/62_regenjacke_tuerkis_a.jpg,
ld-p62-regenjacke-perla,,,,,,,,L,,Gelb,LD-P62-L-GEL,,shopify,25,deny,manual,249,TRUE,TRUE,,,,https://raw.githubusercontent.com/Hassan-aesthetica/la-doccia/main/assets/p/62_regenjacke_gelb_a.jpg,
ld-p62-regenjacke-perla,,,,,,,,L,,Violett,LD-P62-L-VIO,,shopify,25,deny,manual,249,TRUE,TRUE,,,,https://raw.githubusercontent.com/Hassan-aesthetica/la-doccia/main/assets/p/62_regenjacke_violett_a.jpg,
ld-p62-regenjacke-perla,,,,,,,,XL,,Türkis,LD-P62-XL-TÜR,,shopify,25,deny,manual,249,TRUE,TRUE,,,,https://raw.githubusercontent.com/Hassan-aesthetica/la-doccia/main/assets/p/62_regenjacke_tuerkis_a.jpg,
ld-p62-regenjacke-perla,,,,,,,,XL,,Gelb,LD-P62-XL-GEL,,shopify,25,deny,manual,249,TRUE,TRUE,,,,https://raw.githubusercontent.com/Hassan-aesthetica/la-doccia/main/assets/p/62_regenjacke_gelb_a.jpg,
ld-p62-regenjacke-perla,,,,,,,,XL,,Violett,LD-P62-XL-VIO,,shopify,25,deny,manual,249,TRUE,TRUE,,,,https://raw.githubusercontent.com/Hassan-aesthetica/la-doccia/main/assets/p/62_regenjacke_violett_a.jpg,
ld-p62-regenjacke-perla,,,,,,,,,,,,,,,,,,,,https://raw.githubusercontent.com/Hassan-aesthetica/la-doccia/main/assets/p/62_regenjacke_video.mp4,2,Regenjacke „Perla“,,
ld-p62-regenjacke-perla,,,,,,,,,,,,,,,,,,,,https://raw.githubusercontent.com/Hassan-aesthetica/la-doccia/main/assets/p/62_regenjacke_b.jpg,3,Regenjacke „Perla“,,
ld-p62-regenjacke-perla,,,,,,,,,,,,,,,,,,,,https://raw.githubusercontent.com/Hassan-aesthetica/la-doccia/main/assets/p/62_regenjacke_c.jpg,4,Regenjacke „Perla“,,
ld-p63-regenstiefel-pioggia,Regenstiefel „Pioggia“,"<p>p63</p><p><strong>Gut zu wissen:</strong> 100 % wasserdicht, rutschhemmende Profilsohle, herausnehmbares Frottee-Fußbett. Innen abwischbar.</p><p><strong>Material:</strong> Naturkautschuk, wasserdicht</p>",LA DOCCIA,Mode,"Mode,schuhe,KI-Bild",TRUE,Größe,36/37,,,LD-P63-3637,,shopify,25,deny,manual,99,TRUE,TRUE,https://raw.githubusercontent.com/Hassan-aesthetica/la-doccia/main/assets/p/63_a.jpg,1,Regenstiefel „Pioggia“,,active
ld-p63-regenstiefel-pioggia,,,,,,,,38/39,,,LD-P63-3839,,shopify,25,deny,manual,99,TRUE,TRUE,,,,,
ld-p63-regenstiefel-pioggia,,,,,,,,40/41,,,LD-P63-4041,,shopify,25,deny,manual,99,TRUE,TRUE,,,,,
ld-p63-regenstiefel-pioggia,,,,,,,,42/43,,,LD-P63-4243,,shopify,25,deny,manual,99,TRUE,TRUE,,,,,
ld-p63-regenstiefel-pioggia,,,,,,,,,,,,,,,,,,,,https://raw.githubusercontent.com/Hassan-aesthetica/la-doccia/main/assets/p/63_b.jpg,2,Regenstiefel „Pioggia“,,
ld-p63-regenstiefel-pioggia,,,,,,,,,,,,,,,,,,,,https://raw.githubusercontent.com/Hassan-aesthetica/la-doccia/main/assets/p/63_c.jpg,3,Regenstiefel „Pioggia“,,
ld-p64-sneaker-asciutto-wasserdicht,"Sneaker „Asciutto“, wasserdicht","<p>p64</p><p><strong>Gut zu wissen:</strong> Wassersäule 10.000 mm bei voller Atmungsaktivität. Flecken feucht abwischen, Einlegesohle waschbar.</p><p><strong>Material:</strong> Recyceltes Mesh, wasserdichte Membran</p>",LA DOCCIA,Mode,"Mode,schuhe,KI-Bild",TRUE,Größe,36/37,,,LD-P64-3637,,shopify,25,deny,manual,179,TRUE,TRUE,https://raw.githubusercontent.com/Hassan-aesthetica/la-doccia/main/assets/p/64_a.jpg,1,"Sneaker „Asciutto“, wasserdicht",,active
ld-p64-sneaker-asciutto-wasserdicht,,,,,,,,38/39,,,LD-P64-3839,,shopify,25,deny,manual,179,TRUE,TRUE,,,,,
ld-p64-sneaker-asciutto-wasserdicht,,,,,,,,40/41,,,LD-P64-4041,,shopify,25,deny,manual,179,TRUE,TRUE,,,,,
ld-p64-sneaker-asciutto-wasserdicht,,,,,,,,42/43,,,LD-P64-4243,,shopify,25,deny,manual,179,TRUE,TRUE,,,,,
ld-p64-sneaker-asciutto-wasserdicht,,,,,,,,,,,,,,,,,,,,https://raw.githubusercontent.com/Hassan-aesthetica/la-doccia/main/assets/p/64_b.jpg,2,"Sneaker „Asciutto“, wasserdicht",,
ld-p64-sneaker-asciutto-wasserdicht,,,,,,,,,,,,,,,,,,,,https://raw.githubusercontent.com/Hassan-aesthetica/la-doccia/main/assets/p/64_c.jpg,3,"Sneaker „Asciutto“, wasserdicht",,
ld-p65-chelsea-boot-lucido-wasserdicht,"Chelsea-Boot „Lucido“, wasserdicht","<p>p65</p><p><strong>Gut zu wissen:</strong> Verschweißte Sohle, wasserdichtes Obermaterial. Mit feuchtem Tuch pflegen, kein Imprägnierspray nötig.</p><p><strong>Material:</strong> Gummiertes Leder, wasserdicht</p>",LA DOCCIA,Mode,"Mode,schuhe,KI-Bild",TRUE,Größe,36/37,,,LD-P65-3637,,shopify,25,deny,manual,199,TRUE,TRUE,https://raw.githubusercontent.com/Hassan-aesthetica/la-doccia/main/assets/p/65_a.jpg,1,"Chelsea-Boot „Lucido“, wasserdicht",,active
ld-p65-chelsea-boot-lucido-wasserdicht,,,,,,,,38/39,,,LD-P65-3839,,shopify,25,deny,manual,199,TRUE,TRUE,,,,,
ld-p65-chelsea-boot-lucido-wasserdicht,,,,,,,,40/41,,,LD-P65-4041,,shopify,25,deny,manual,199,TRUE,TRUE,,,,,
ld-p65-chelsea-boot-lucido-wasserdicht,,,,,,,,42/43,,,LD-P65-4243,,shopify,25,deny,manual,199,TRUE,TRUE,,,,,
ld-p65-chelsea-boot-lucido-wasserdicht,,,,,,,,,,,,,,,,,,,,https://raw.githubusercontent.com/Hassan-aesthetica/la-doccia/main/assets/p/65_b.jpg,2,"Chelsea-Boot „Lucido“, wasserdicht",,
ld-p65-chelsea-boot-lucido-wasserdicht,,,,,,,,,,,,,,,,,,,,https://raw.githubusercontent.com/Hassan-aesthetica/la-doccia/main/assets/p/65_c.jpg,3,"Chelsea-Boot „Lucido“, wasserdicht",,
ld-p66-loafer-giallo-wasserfest,"Loafer „Giallo“, wasserfest","<p>p66</p><p><strong>Gut zu wissen:</strong> Wasserfest bis starker Regen, abwischbar. Herausnehmbares Fußbett, rutschhemmende Sohle.</p><p><strong>Material:</strong> Gummierter Feinstoff, wasserfest</p>",LA DOCCIA,Mode,"Mode,schuhe,KI-Bild",TRUE,Größe,36/37,,,LD-P66-3637,,shopify,25,deny,manual,149,TRUE,TRUE,https://raw.githubusercontent.com/Hassan-aesthetica/la-doccia/main/assets/p/66_a.jpg,1,"Loafer „Giallo“, wasserfest",,active
ld-p66-loafer-giallo-wasserfest,,,,,,,,38/39,,,LD-P66-3839,,shopify,25,deny,manual,149,TRUE,TRUE,,,,,
ld-p66-loafer-giallo-wasserfest,,,,,,,,40/41,,,LD-P66-4041,,shopify,25,deny,manual,149,TRUE,TRUE,,,,,
ld-p66-loafer-giallo-wasserfest,,,,,,,,42/43,,,LD-P66-4243,,shopify,25,deny,manual,149,TRUE,TRUE,,,,,
ld-p66-loafer-giallo-wasserfest,,,,,,,,,,,,,,,,,,,,https://raw.githubusercontent.com/Hassan-aesthetica/la-doccia/main/assets/p/66_b.jpg,2,"Loafer „Giallo“, wasserfest",,
ld-p66-loafer-giallo-wasserfest,,,,,,,,,,,,,,,,,,,,https://raw.githubusercontent.com/Hassan-aesthetica/la-doccia/main/assets/p/66_c.jpg,3,"Loafer „Giallo“, wasserfest",,
ld-p67-sandale-estate-wasserfest,"Sandale „Estate“, wasserfest","<p>p67</p><p><strong>Gut zu wissen:</strong> Komplett wasserfest, schnelltrocknende Riemen, waschbar bei 30 °C.</p><p><strong>Material:</strong> EVA & Softriemen, wasserfest</p>",LA DOCCIA,Mode,"Mode,schuhe,KI-Bild",TRUE,Größe,36/37,,,LD-P67-3637,,shopify,25,deny,manual,79,TRUE,TRUE,https://raw.githubusercontent.com/Hassan-aesthetica/la-doccia/main/assets/p/67_a.jpg,1,"Sandale „Estate“, wasserfest",,active
ld-p67-sandale-estate-wasserfest,,,,,,,,38/39,,,LD-P67-3839,,shopify,25,deny,manual,79,TRUE,TRUE,,,,,
ld-p67-sandale-estate-wasserfest,,,,,,,,40/41,,,LD-P67-4041,,shopify,25,deny,manual,79,TRUE,TRUE,,,,,
ld-p67-sandale-estate-wasserfest,,,,,,,,42/43,,,LD-P67-4243,,shopify,25,deny,manual,79,TRUE,TRUE,,,,,
ld-p67-sandale-estate-wasserfest,,,,,,,,,,,,,,,,,,,,https://raw.githubusercontent.com/Hassan-aesthetica/la-doccia/main/assets/p/67_b.jpg,2,"Sandale „Estate“, wasserfest",,
ld-p67-sandale-estate-wasserfest,,,,,,,,,,,,,,,,,,,,https://raw.githubusercontent.com/Hassan-aesthetica/la-doccia/main/assets/p/67_c.jpg,3,"Sandale „Estate“, wasserfest",,
ld-p68-anorak-tempesta,Anorak „Tempesta“,"<p>p68</p><p><strong>Gut zu wissen:</strong> Wassersäule 10.000 mm, getapte Nähte, elastischer Saum. Bei 30 °C waschen, Imprägnierung im Trockner reaktivieren.</p><p><strong>Material:</strong> 100 % Polyester, PFC-frei imprägniert</p>",LA DOCCIA,Mode,"Mode,regen,KI-Bild",TRUE,Größe,S,,,LD-P68-S,,shopify,25,deny,manual,199,TRUE,TRUE,https://raw.githubusercontent.com/Hassan-aesthetica/la-doccia/main/assets/p/68_a.jpg,1,Anorak „Tempesta“,,active
ld-p68-anorak-tempesta,,,,,,,,M,,,LD-P68-M,,shopify,25,deny,manual,199,TRUE,TRUE,,,,,
ld-p68-anorak-tempesta,,,,,,,,L,,,LD-P68-L,,shopify,25,deny,manual,199,TRUE,TRUE,,,,,
ld-p68-anorak-tempesta,,,,,,,,XL,,,LD-P68-XL,,shopify,25,deny,manual,199,TRUE,TRUE,,,,,
ld-p68-anorak-tempesta,,,,,,,,,,,,,,,,,,,,https://raw.githubusercontent.com/Hassan-aesthetica/la-doccia/main/assets/p/68_b.jpg,2,Anorak „Tempesta“,,
ld-p68-anorak-tempesta,,,,,,,,,,,,,,,,,,,,https://raw.githubusercontent.com/Hassan-aesthetica/la-doccia/main/assets/p/68_a_v2.jpg,3,Anorak „Tempesta“,,
ld-p69-parka-riparo,Parka „Riparo“,"<p>p69</p><p><strong>Gut zu wissen:</strong> Wassersäule 10.000 mm, verschweißte Nähte, verstellbare Kapuze. Bei 30 °C waschen.</p><p><strong>Material:</strong> 100 % Polyester, PFC-frei imprägniert</p>",LA DOCCIA,Mode,"Mode,regen,KI-Bild",TRUE,Größe,S,,,LD-P69-S,,shopify,25,deny,manual,299,TRUE,TRUE,https://raw.githubusercontent.com/Hassan-aesthetica/la-doccia/main/assets/p/69_a.jpg,1,Parka „Riparo“,,active
ld-p69-parka-riparo,,,,,,,,M,,,LD-P69-M,,shopify,25,deny,manual,299,TRUE,TRUE,,,,,
ld-p69-parka-riparo,,,,,,,,L,,,LD-P69-L,,shopify,25,deny,manual,299,TRUE,TRUE,,,,,
ld-p69-parka-riparo,,,,,,,,XL,,,LD-P69-XL,,shopify,25,deny,manual,299,TRUE,TRUE,,,,,
ld-p69-parka-riparo,,,,,,,,,,,,,,,,,,,,https://raw.githubusercontent.com/Hassan-aesthetica/la-doccia/main/assets/p/69_b.jpg,2,Parka „Riparo“,,
ld-p69-parka-riparo,,,,,,,,,,,,,,,,,,,,https://raw.githubusercontent.com/Hassan-aesthetica/la-doccia/main/assets/p/69_c.jpg,3,Parka „Riparo“,,
ld-p71-trenchcoat-milano-wasserdicht,"Trenchcoat „Milano“, wasserdicht","<p>p71</p><p><strong>Gut zu wissen:</strong> Wasserdicht mit klassischer Optik: verdeckte Knopfleiste, verschweißte Nähte. Professionelle Pflege empfohlen.</p><p><strong>Material:</strong> Technisches Gabardine-Gewebe, wasserdicht</p>",LA DOCCIA,Mode,"Mode,jacken,KI-Bild",TRUE,Größe,S,,,LD-P71-S,,shopify,25,deny,manual,349,TRUE,TRUE,https://raw.githubusercontent.com/Hassan-aesthetica/la-doccia/main/assets/p/71_a.jpg,1,"Trenchcoat „Milano“, wasserdicht",,active
ld-p71-trenchcoat-milano-wasserdicht,,,,,,,,M,,,LD-P71-M,,shopify,25,deny,manual,349,TRUE,TRUE,,,,,
ld-p71-trenchcoat-milano-wasserdicht,,,,,,,,L,,,LD-P71-L,,shopify,25,deny,manual,349,TRUE,TRUE,,,,,
ld-p71-trenchcoat-milano-wasserdicht,,,,,,,,XL,,,LD-P71-XL,,shopify,25,deny,manual,349,TRUE,TRUE,,,,,
ld-p71-trenchcoat-milano-wasserdicht,,,,,,,,,,,,,,,,,,,,https://raw.githubusercontent.com/Hassan-aesthetica/la-doccia/main/assets/p/71_b.jpg,2,"Trenchcoat „Milano“, wasserdicht",,
ld-p71-trenchcoat-milano-wasserdicht,,,,,,,,,,,,,,,,,,,,https://raw.githubusercontent.com/Hassan-aesthetica/la-doccia/main/assets/p/71_c.jpg,3,"Trenchcoat „Milano“, wasserdicht",,
ld-p72-ohrstecker-quattro,Ohrstecker „Quattro“,"<p>p72</p><p><strong>Gut zu wissen:</strong> Wasserfest und nickelfrei — bleibt beim Duschen und Schwimmen einfach an. 925er-Silberstift, vergoldet.</p>",LA DOCCIA,Schmuck,"Schmuck,ohrringe,KI-Bild",TRUE,Title,Default Title,,,LD-P72,,shopify,25,deny,manual,29,TRUE,TRUE,https://raw.githubusercontent.com/Hassan-aesthetica/la-doccia/main/assets/p/72_a.jpg,1,Ohrstecker „Quattro“,,active
ld-p72-ohrstecker-quattro,,,,,,,,,,,,,,,,,,,,https://raw.githubusercontent.com/Hassan-aesthetica/la-doccia/main/assets/p/72_b.jpg,2,Ohrstecker „Quattro“,,
ld-p73-creolen-cerchio,Creolen „Cerchio“,"<p>p73</p><p><strong>Gut zu wissen:</strong> Wasserfest und nickelfrei, Steckverschluss. Charms abnehmbar und mit p81 kombinierbar.</p>",LA DOCCIA,Schmuck,"Schmuck,ohrringe,KI-Bild",TRUE,Title,Default Title,,,LD-P73,,shopify,25,deny,manual,39,TRUE,TRUE,https://raw.githubusercontent.com/Hassan-aesthetica/la-doccia/main/assets/p/73_a.jpg,1,Creolen „Cerchio“,,active
ld-p74-kette-pendente,Kette „Pendente“,"<p>p74</p><p><strong>Gut zu wissen:</strong> Wasserfest und nickelfrei — bleibt beim Duschen an. Länge 45 cm, mit 5-cm-Verlängerung.</p>",LA DOCCIA,Schmuck,"Schmuck,ketten,KI-Bild",TRUE,Title,Default Title,,,LD-P74,,shopify,25,deny,manual,49,TRUE,TRUE,https://raw.githubusercontent.com/Hassan-aesthetica/la-doccia/main/assets/p/74_kette_a.jpg,1,Kette „Pendente“,,active
ld-p74-kette-pendente,,,,,,,,,,,,,,,,,,,,https://raw.githubusercontent.com/Hassan-aesthetica/la-doccia/main/assets/p/74_b.jpg,2,Kette „Pendente“,,
ld-p75-gliederkette-catena,Gliederkette „Catena“,"<p>p75</p><p><strong>Gut zu wissen:</strong> Wasserfest und nickelfrei. Länge 42 cm, Karabinerverschluss.</p>",LA DOCCIA,Schmuck,"Schmuck,ketten,KI-Bild",TRUE,Title,Default Title,,,LD-P75,,shopify,25,deny,manual,59,TRUE,TRUE,https://raw.githubusercontent.com/Hassan-aesthetica/la-doccia/main/assets/p/75_a.jpg,1,Gliederkette „Catena“,,active
ld-p76-armreif-rigido,Armreif „Rigido“,"<p>p76</p><p><strong>Gut zu wissen:</strong> Wasserfest und nickelfrei — duschen, schwimmen, Sport: alles kein Problem. Innenmaß 60 mm.</p>",LA DOCCIA,Schmuck,"Schmuck,armschmuck,KI-Bild",TRUE,Title,Default Title,,,LD-P76,,shopify,25,deny,manual,45,TRUE,TRUE,https://raw.githubusercontent.com/Hassan-aesthetica/la-doccia/main/assets/p/76_a.jpg,1,Armreif „Rigido“,,active
ld-p76-armreif-rigido,,,,,,,,,,,,,,,,,,,,https://raw.githubusercontent.com/Hassan-aesthetica/la-doccia/main/assets/p/76_b.jpg,2,Armreif „Rigido“,,
ld-p77-ring-anello,Ring „Anello“,<p>p77</p><p><strong>Gut zu wissen:</strong> Wasserfest und nickelfrei. Größen 52–60 — bei Unsicherheit eine Nummer größer wählen.</p>,LA DOCCIA,Schmuck,"Schmuck,mehr,KI-Bild",TRUE,Title,Default Title,,,LD-P77,,shopify,25,deny,manual,35,TRUE,TRUE,https://raw.githubusercontent.com/Hassan-aesthetica/la-doccia/main/assets/p/77_a.jpg,1,Ring „Anello“,,active
ld-p78-fusskettchen-cavigliera,Fußkettchen „Cavigliera“,<p>p78</p><p><strong>Gut zu wissen:</strong> Wasserfest — für Pool und Strand gemacht. Länge 24 cm mit Verlängerung.</p>,LA DOCCIA,Schmuck,"Schmuck,ketten,KI-Bild",TRUE,Title,Default Title,,,LD-P78,,shopify,25,deny,manual,25,TRUE,TRUE,https://raw.githubusercontent.com/Hassan-aesthetica/la-doccia/main/assets/p/78_a.jpg,1,Fußkettchen „Cavigliera“,,active
ld-p79-pin-spilla,Pin „Spilla“,"<p>p79</p><p><strong>Gut zu wissen:</strong> Butterfly-Verschluss, Emaille kratzfest gebrannt.</p>",LA DOCCIA,Schmuck,"Schmuck,mehr,KI-Bild",TRUE,Title,Default Title,,,LD-P79,,shopify,25,deny,manual,19,TRUE,TRUE,https://raw.githubusercontent.com/Hassan-aesthetica/la-doccia/main/assets/p/79_a.jpg,1,Pin „Spilla“,,active
ld-p80-haarspange-fermaglio,Haarspange „Fermaglio“,<p>p80</p><p><strong>Gut zu wissen:</strong> Wasserfest und rostfrei — hält vom Duschraum bis zum Abend. Federmechanismus.</p>,LA DOCCIA,Schmuck,"Schmuck,mehr,KI-Bild",TRUE,Title,Default Title,,,LD-P80,,shopify,25,deny,manual,22,TRUE,TRUE,https://raw.githubusercontent.com/Hassan-aesthetica/la-doccia/main/assets/p/80_a.jpg,1,Haarspange „Fermaglio“,,active
ld-p81-charm-ciondolo,Charm „Ciondolo“,"<p>p81</p><p><strong>Gut zu wissen:</strong> Passt an p49–p51, p73 und jeden Karabiner. Emaille kratzfest, vergoldet.</p>",LA DOCCIA,Schmuck,"Schmuck,mehr,KI-Bild",TRUE,Title,Default Title,,,LD-P81,,shopify,25,deny,manual,15,TRUE,TRUE,https://raw.githubusercontent.com/Hassan-aesthetica/la-doccia/main/assets/p/81_a.jpg,1,Charm „Ciondolo“,,active
ld-p82-kinder-regenjacke-salto,Kinder-Regenjacke „Salto“,"<p>p82</p><p><strong>Gut zu wissen:</strong> Wassersäule 10.000 mm, reflektierende Details, Namensschild innen. Bei 30 °C waschen.</p><p><strong>Material:</strong> 100 % Polyester, PFC-frei imprägniert</p>",LA DOCCIA,Mode,"Mode,regen,kinder,KI-Bild",TRUE,Größe,98/104,,,LD-P82-98104,,shopify,25,deny,manual,89,TRUE,TRUE,https://raw.githubusercontent.com/Hassan-aesthetica/la-doccia/main/assets/p/82_a.jpg,1,Kinder-Regenjacke „Salto“,,active
ld-p82-kinder-regenjacke-salto,,,,,,,,110/116,,,LD-P82-110116,,shopify,25,deny,manual,89,TRUE,TRUE,,,,,
ld-p82-kinder-regenjacke-salto,,,,,,,,122/128,,,LD-P82-122128,,shopify,25,deny,manual,89,TRUE,TRUE,,,,,
ld-p82-kinder-regenjacke-salto,,,,,,,,,,,,,,,,,,,,https://raw.githubusercontent.com/Hassan-aesthetica/la-doccia/main/assets/p/82_b.jpg,2,Kinder-Regenjacke „Salto“,,
ld-p82-kinder-regenjacke-salto,,,,,,,,,,,,,,,,,,,,https://raw.githubusercontent.com/Hassan-aesthetica/la-doccia/main/assets/p/82_c.jpg,3,Kinder-Regenjacke „Salto“,,
ld-p83-kinder-gummistiefel-splash,Kinder-Gummistiefel „Splash“,"<p>p83</p><p><strong>Gut zu wissen:</strong> 100 % wasserdicht, rutschfeste Sohle, herausnehmbares Fußbett. Anziehschlaufen für kleine Hände.</p><p><strong>Material:</strong> Naturkautschuk, wasserdicht</p>",LA DOCCIA,Mode,"Mode,schuhe,kinder,KI-Bild",TRUE,Größe,24/25,,,LD-P83-2425,,shopify,25,deny,manual,39,TRUE,TRUE,https://raw.githubusercontent.com/Hassan-aesthetica/la-doccia/main/assets/p/83_a.jpg,1,Kinder-Gummistiefel „Splash“,,active
ld-p83-kinder-gummistiefel-splash,,,,,,,,26/27,,,LD-P83-2627,,shopify,25,deny,manual,39,TRUE,TRUE,,,,,
ld-p83-kinder-gummistiefel-splash,,,,,,,,28/29,,,LD-P83-2829,,shopify,25,deny,manual,39,TRUE,TRUE,,,,,
ld-p83-kinder-gummistiefel-splash,,,,,,,,30/31,,,LD-P83-3031,,shopify,25,deny,manual,39,TRUE,TRUE,,,,,
ld-p83-kinder-gummistiefel-splash,,,,,,,,,,,,,,,,,,,,https://raw.githubusercontent.com/Hassan-aesthetica/la-doccia/main/assets/p/83_b.jpg,2,Kinder-Gummistiefel „Splash“,,
ld-p83-kinder-gummistiefel-splash,,,,,,,,,,,,,,,,,,,,https://raw.githubusercontent.com/Hassan-aesthetica/la-doccia/main/assets/p/83_c.jpg,3,Kinder-Gummistiefel „Splash“,,
ld-p84-kinder-schlappen-piccolo,Kinder-Schlappen „Piccolo“,"<p>p84</p><p><strong>Gut zu wissen:</strong> Wasserfest, federleicht, waschbar. Breiter Riemen für sicheren Halt.</p><p><strong>Material:</strong> EVA, wasserfest</p>",LA DOCCIA,Mode,"Mode,schuhe,kinder,KI-Bild",TRUE,Größe,24/25,,,LD-P84-2425,,shopify,25,deny,manual,19,TRUE,TRUE,https://raw.githubusercontent.com/Hassan-aesthetica/la-doccia/main/assets/p/84_a.jpg,1,Kinder-Schlappen „Piccolo“,,active
ld-p84-kinder-schlappen-piccolo,,,,,,,,26/27,,,LD-P84-2627,,shopify,25,deny,manual,19,TRUE,TRUE,,,,,
ld-p84-kinder-schlappen-piccolo,,,,,,,,28/29,,,LD-P84-2829,,shopify,25,deny,manual,19,TRUE,TRUE,,,,,
ld-p84-kinder-schlappen-piccolo,,,,,,,,30/31,,,LD-P84-3031,,shopify,25,deny,manual,19,TRUE,TRUE,,,,,
ld-p84-kinder-schlappen-piccolo,,,,,,,,,,,,,,,,,,,,https://raw.githubusercontent.com/Hassan-aesthetica/la-doccia/main/assets/p/84_b.jpg,2,Kinder-Schlappen „Piccolo“,,
ld-p84-kinder-schlappen-piccolo,,,,,,,,,,,,,,,,,,,,https://raw.githubusercontent.com/Hassan-aesthetica/la-doccia/main/assets/p/84_c.jpg,3,Kinder-Schlappen „Piccolo“,,
ld-p85-kinder-sneaker-salto-wasserdicht,"Kinder-Sneaker „Salto“, wasserdicht","<p>p85</p><p><strong>Gut zu wissen:</strong> Elastische Schnürung ohne Binden, wasserdichte Membran, waschbare Sohle.</p><p><strong>Material:</strong> Recyceltes Mesh, wasserdichte Membran</p>",LA DOCCIA,Mode,"Mode,schuhe,kinder,KI-Bild",TRUE,Größe,24/25,,,LD-P85-2425,,shopify,25,deny,manual,59,TRUE,TRUE,https://raw.githubusercontent.com/Hassan-aesthetica/la-doccia/main/assets/p/85_a.jpg,1,"Kinder-Sneaker „Salto“, wasserdicht",,active
ld-p85-kinder-sneaker-salto-wasserdicht,,,,,,,,26/27,,,LD-P85-2627,,shopify,25,deny,manual,59,TRUE,TRUE,,,,,
ld-p85-kinder-sneaker-salto-wasserdicht,,,,,,,,28/29,,,LD-P85-2829,,shopify,25,deny,manual,59,TRUE,TRUE,,,,,
ld-p85-kinder-sneaker-salto-wasserdicht,,,,,,,,30/31,,,LD-P85-3031,,shopify,25,deny,manual,59,TRUE,TRUE,,,,,
ld-p85-kinder-sneaker-salto-wasserdicht,,,,,,,,,,,,,,,,,,,,https://raw.githubusercontent.com/Hassan-aesthetica/la-doccia/main/assets/p/85_b.jpg,2,"Kinder-Sneaker „Salto“, wasserdicht",,
ld-p85-kinder-sneaker-salto-wasserdicht,,,,,,,,,,,,,,,,,,,,https://raw.githubusercontent.com/Hassan-aesthetica/la-doccia/main/assets/p/85_c.jpg,3,"Kinder-Sneaker „Salto“, wasserdicht",,
ld-p86-kinder-sommerhut-sole-mini,Kinder-Sommerhut „Sole Mini“,"<p>p86</p><p><strong>Gut zu wissen:</strong> UPF 50+, waschbar bei 30 °C, Kinnband abnehmbar.</p><p><strong>Material:</strong> 100 % Baumwolle</p>",LA DOCCIA,Mode,"Mode,huete,kinder,KI-Bild",TRUE,Größe,50,,,LD-P86-50,,shopify,25,deny,manual,24,TRUE,TRUE,https://raw.githubusercontent.com/Hassan-aesthetica/la-doccia/main/assets/p/86_a.jpg,1,Kinder-Sommerhut „Sole Mini“,,active
ld-p86-kinder-sommerhut-sole-mini,,,,,,,,52,,,LD-P86-52,,shopify,25,deny,manual,24,TRUE,TRUE,,,,,
ld-p86-kinder-sommerhut-sole-mini,,,,,,,,54,,,LD-P86-54,,shopify,25,deny,manual,24,TRUE,TRUE,,,,,
ld-p86-kinder-sommerhut-sole-mini,,,,,,,,,,,,,,,,,,,,https://raw.githubusercontent.com/Hassan-aesthetica/la-doccia/main/assets/p/86_b.jpg,2,Kinder-Sommerhut „Sole Mini“,,
ld-p86-kinder-sommerhut-sole-mini,,,,,,,,,,,,,,,,,,,,https://raw.githubusercontent.com/Hassan-aesthetica/la-doccia/main/assets/p/86_c.jpg,3,Kinder-Sommerhut „Sole Mini“,,
ld-p87-kinder-shampoo-bolla-250-ml,"Kinder-Shampoo „Bolla“, 250 ml","<p>p87</p><p><strong>Gut zu wissen:</strong> Ohne Tränen-Formel, pH-hautneutral, ohne Parfümallergene. Auch als Duschgel nutzbar.</p>",LA DOCCIA,Kosmetik,"Kosmetik,haar,kinder,KI-Bild",TRUE,Title,Default Title,,,LD-P87,,shopify,25,deny,manual,12,TRUE,TRUE,https://raw.githubusercontent.com/Hassan-aesthetica/la-doccia/main/assets/p/87_a.jpg,1,"Kinder-Shampoo „Bolla“, 250 ml",,active
ld-p87-kinder-shampoo-bolla-250-ml,,,,,,,,,,,,,,,,,,,,https://raw.githubusercontent.com/Hassan-aesthetica/la-doccia/main/assets/p/87_b.jpg,2,"Kinder-Shampoo „Bolla“, 250 ml",,
ld-p87-kinder-shampoo-bolla-250-ml,,,,,,,,,,,,,,,,,,,,https://raw.githubusercontent.com/Hassan-aesthetica/la-doccia/main/assets/p/87_c.jpg,3,"Kinder-Shampoo „Bolla“, 250 ml",,
ld-p88-sommerhut-sole,Sommerhut „Sole“,"<p>p88</p><p><strong>Gut zu wissen:</strong> UPF 50+, formstabil, mit verstellbarem Innenband. Zum Transport flach rollbar.</p><p><strong>Material:</strong> Papierstroh-Geflecht</p>",LA DOCCIA,Mode,"Mode,huete,damen,KI-Bild",TRUE,Größe,S/M,,,LD-P88-SM,,shopify,25,deny,manual,69,TRUE,TRUE,https://raw.githubusercontent.com/Hassan-aesthetica/la-doccia/main/assets/p/88_a.jpg,1,Sommerhut „Sole“,,active
ld-p88-sommerhut-sole,,,,,,,,L/XL,,,LD-P88-LXL,,shopify,25,deny,manual,69,TRUE,TRUE,,,,,
ld-p88-sommerhut-sole,,,,,,,,,,,,,,,,,,,,https://raw.githubusercontent.com/Hassan-aesthetica/la-doccia/main/assets/p/88_b.jpg,2,Sommerhut „Sole“,,
ld-p88-sommerhut-sole,,,,,,,,,,,,,,,,,,,,https://raw.githubusercontent.com/Hassan-aesthetica/la-doccia/main/assets/p/88_a_v2.jpg,3,Sommerhut „Sole“,,
ld-p88-sommerhut-sole,,,,,,,,,,,,,,,,,,,,https://raw.githubusercontent.com/Hassan-aesthetica/la-doccia/main/assets/p/88_a_v3.jpg,4,Sommerhut „Sole“,,
ld-p89-bucket-hat-bianco,Bucket Hat „Bianco“,"<p>p89</p><p><strong>Gut zu wissen:</strong> Waschbar bei 30 °C, behält die Form. Passt zu allem — vom Duschtuch bis zur Regenjacke.</p><p><strong>Material:</strong> Baumwoll-Twill</p>",LA DOCCIA,Mode,"Mode,huete,damen,KI-Bild",TRUE,Größe,S/M,,,LD-P89-SM,,shopify,25,deny,manual,59,TRUE,TRUE,https://raw.githubusercontent.com/Hassan-aesthetica/la-doccia/main/assets/p/89_a.jpg,1,Bucket Hat „Bianco“,,active
ld-p89-bucket-hat-bianco,,,,,,,,L/XL,,,LD-P89-LXL,,shopify,25,deny,manual,59,TRUE,TRUE,,,,,
ld-p89-bucket-hat-bianco,,,,,,,,,,,,,,,,,,,,https://raw.githubusercontent.com/Hassan-aesthetica/la-doccia/main/assets/p/89_a_v2.jpg,2,Bucket Hat „Bianco“,,
ld-p89-bucket-hat-bianco,,,,,,,,,,,,,,,,,,,,https://raw.githubusercontent.com/Hassan-aesthetica/la-doccia/main/assets/p/89_a_v3.jpg,3,Bucket Hat „Bianco“,,
ld-p92-shampoo-volume-250-ml,"Shampoo „Volume“, 250 ml","<p>p92</p><p><strong>Gut zu wissen:</strong> Mit Reisprotein und Panthenol, sulfatfrei. Für feines Haar, tägliche Anwendung.</p>",LA DOCCIA,Kosmetik,"Kosmetik,haar,KI-Bild",TRUE,Title,Default Title,,,LD-P92,,shopify,25,deny,manual,19,TRUE,TRUE,https://raw.githubusercontent.com/Hassan-aesthetica/la-doccia/main/assets/p/92_a.jpg,1,"Shampoo „Volume“, 250 ml",,active
ld-p92-shampoo-volume-250-ml,,,,,,,,,,,,,,,,,,,,https://raw.githubusercontent.com/Hassan-aesthetica/la-doccia/main/assets/p/92_b.jpg,2,"Shampoo „Volume“, 250 ml",,
ld-p93-shampoo-repair-250-ml,"Shampoo „Repair“, 250 ml","<p>p93</p><p><strong>Gut zu wissen:</strong> Mit Keratin und Arganöl, sulfatfrei. Nach Sonne, Färben oder Hitze-Styling.</p>",LA DOCCIA,Kosmetik,"Kosmetik,haar,KI-Bild",TRUE,Title,Default Title,,,LD-P93,,shopify,25,deny,manual,19,TRUE,TRUE,https://raw.githubusercontent.com/Hassan-aesthetica/la-doccia/main/assets/p/93_a.jpg,1,"Shampoo „Repair“, 250 ml",,active
ld-p93-shampoo-repair-250-ml,,,,,,,,,,,,,,,,,,,,https://raw.githubusercontent.com/Hassan-aesthetica/la-doccia/main/assets/p/93_b.jpg,2,"Shampoo „Repair“, 250 ml",,
ld-p100-koerperoel-oro-100-ml,"Körperöl „Oro“, 100 ml","<p>p100</p><p><strong>Gut zu wissen:</strong> 98 % Ölanteil aus Jojoba und Mandel, zieht schnell ein. Auf die feuchte Haut oder in die Längen geben.</p>",LA DOCCIA,Kosmetik,"Kosmetik,koerper,KI-Bild",TRUE,Title,Default Title,,,LD-P100,,shopify,25,deny,manual,34,TRUE,TRUE,https://raw.githubusercontent.com/Hassan-aesthetica/la-doccia/main/assets/p/100_a.jpg,1,"Körperöl „Oro“, 100 ml",,active
ld-p100-koerperoel-oro-100-ml,,,,,,,,,,,,,,,,,,,,https://raw.githubusercontent.com/Hassan-aesthetica/la-doccia/main/assets/p/100_b.jpg,2,"Körperöl „Oro“, 100 ml",,
ld-p101-badesalz-cristalli-400-g,"Badesalz „Cristalli“, 400 g","<p>p101</p><p><strong>Gut zu wissen:</strong> Mit Meersalz und ätherischen Ölen, je Farbe eine Duftnote. 2–3 Esslöffel ins warme Wasser.</p>",LA DOCCIA,Kosmetik,"Kosmetik,dusche,KI-Bild",TRUE,Title,Default Title,,,LD-P101,,shopify,25,deny,manual,24,TRUE,TRUE,https://raw.githubusercontent.com/Hassan-aesthetica/la-doccia/main/assets/p/101_a.jpg,1,"Badesalz „Cristalli“, 400 g",,active
ld-p101-badesalz-cristalli-400-g,,,,,,,,,,,,,,,,,,,,https://raw.githubusercontent.com/Hassan-aesthetica/la-doccia/main/assets/p/101_b.jpg,2,"Badesalz „Cristalli“, 400 g",,
ld-p105-zip-jacke-warm-up,Zip-Jacke „Warm-up“,"<p>p105</p><p><strong>Gut zu wissen:</strong> Vier-Wege-Stretch, schnelltrocknend. Bei 30 °C waschen.</p><p><strong>Material:</strong> 88 % Polyester, 12 % Elasthan</p>",LA DOCCIA,Mode,"Mode,sport,damen,KI-Bild",TRUE,Größe,XS,,,LD-P105-XS,,shopify,25,deny,manual,99,TRUE,TRUE,https://raw.githubusercontent.com/Hassan-aesthetica/la-doccia/main/assets/p/105_a.jpg,1,Zip-Jacke „Warm-up“,,active
ld-p105-zip-jacke-warm-up,,,,,,,,S,,,LD-P105-S,,shopify,25,deny,manual,99,TRUE,TRUE,,,,,
ld-p105-zip-jacke-warm-up,,,,,,,,M,,,LD-P105-M,,shopify,25,deny,manual,99,TRUE,TRUE,,,,,
ld-p105-zip-jacke-warm-up,,,,,,,,L,,,LD-P105-L,,shopify,25,deny,manual,99,TRUE,TRUE,,,,,
ld-p105-zip-jacke-warm-up,,,,,,,,,,,,,,,,,,,,https://raw.githubusercontent.com/Hassan-aesthetica/la-doccia/main/assets/p/105_b.jpg,2,Zip-Jacke „Warm-up“,,
ld-p105-zip-jacke-warm-up,,,,,,,,,,,,,,,,,,,,https://raw.githubusercontent.com/Hassan-aesthetica/la-doccia/main/assets/p/105_a_v2.jpg,3,Zip-Jacke „Warm-up“,,
ld-p105-zip-jacke-warm-up,,,,,,,,,,,,,,,,,,,,https://raw.githubusercontent.com/Hassan-aesthetica/la-doccia/main/assets/p/105_a_v3.jpg,4,Zip-Jacke „Warm-up“,,
ld-p106-trainings-top-flow,Trainings-Top „Flow“,"<p>p106</p><p><strong>Gut zu wissen:</strong> Federleicht und atmungsaktiv, bleibt geruchsneutral. Bei 30 °C waschen.</p><p><strong>Material:</strong> 100 % recyceltes Polyester</p>",LA DOCCIA,Mode,"Mode,sport,damen,KI-Bild",TRUE,Größe,XS,,,LD-P106-XS,,shopify,25,deny,manual,49,TRUE,TRUE,https://raw.githubusercontent.com/Hassan-aesthetica/la-doccia/main/assets/p/106_a.jpg,1,Trainings-Top „Flow“,,active
ld-p106-trainings-top-flow,,,,,,,,S,,,LD-P106-S,,shopify,25,deny,manual,49,TRUE,TRUE,,,,,
ld-p106-trainings-top-flow,,,,,,,,M,,,LD-P106-M,,shopify,25,deny,manual,49,TRUE,TRUE,,,,,
ld-p106-trainings-top-flow,,,,,,,,L,,,LD-P106-L,,shopify,25,deny,manual,49,TRUE,TRUE,,,,,
ld-p106-trainings-top-flow,,,,,,,,,,,,,,,,,,,,https://raw.githubusercontent.com/Hassan-aesthetica/la-doccia/main/assets/p/106_b.jpg,2,Trainings-Top „Flow“,,
ld-p106-trainings-top-flow,,,,,,,,,,,,,,,,,,,,https://raw.githubusercontent.com/Hassan-aesthetica/la-doccia/main/assets/p/106_a_v2.jpg,3,Trainings-Top „Flow“,,
ld-p106-trainings-top-flow,,,,,,,,,,,,,,,,,,,,https://raw.githubusercontent.com/Hassan-aesthetica/la-doccia/main/assets/p/106_a_v3.jpg,4,Trainings-Top „Flow“,,
ld-p108-sporttasche-palestra,Sporttasche „Palestra“,"<p>p108</p><p><strong>Gut zu wissen:</strong> Wasserabweisendes Gewebe, Schuhfach, abwischbarer Boden. Bei 30 °C von Hand waschen.</p><p><strong>Material:</strong> 100 % recyceltes Polyester</p>",LA DOCCIA,Mode,"Mode,sport,damen,KI-Bild",TRUE,Farbe,Weiß,,,LD-P108-WEI,,shopify,25,deny,manual,89,TRUE,TRUE,https://raw.githubusercontent.com/Hassan-aesthetica/la-doccia/main/assets/p/108_neu_a.jpg,1,Sporttasche „Palestra“,https://raw.githubusercontent.com/Hassan-aesthetica/la-doccia/main/assets/p/108_neu_a.jpg,active
ld-p108-sporttasche-palestra,,,,,,,,Schwarz,,,LD-P108-SCH,,shopify,25,deny,manual,89,TRUE,TRUE,,,,https://raw.githubusercontent.com/Hassan-aesthetica/la-doccia/main/assets/p/108_schwarz.jpg,
ld-p108-sporttasche-palestra,,,,,,,,Türkis,,,LD-P108-TÜR,,shopify,25,deny,manual,89,TRUE,TRUE,,,,https://raw.githubusercontent.com/Hassan-aesthetica/la-doccia/main/assets/p/108_tuerkis.jpg,
ld-p108-sporttasche-palestra,,,,,,,,,,,,,,,,,,,,https://raw.githubusercontent.com/Hassan-aesthetica/la-doccia/main/assets/p/108_neu_a_v2.jpg,2,Sporttasche „Palestra“,,
ld-p108-sporttasche-palestra,,,,,,,,,,,,,,,,,,,,https://raw.githubusercontent.com/Hassan-aesthetica/la-doccia/main/assets/p/108_neu_a_v3.jpg,3,Sporttasche „Palestra“,,
ld-p109-trinkflasche-idra-750-ml,"Trinkflasche „Idra“, 750 ml","<p>p109</p><p><strong>Gut zu wissen:</strong> Auslaufsicher, passt in gängige Flaschenhalter. Von Hand spülen, nicht für kohlensäurehaltige Getränke.</p>",LA DOCCIA,Mode,"Mode,sport,damen,KI-Bild",TRUE,Title,Default Title,,,LD-P109,,shopify,25,deny,manual,29,TRUE,TRUE,https://raw.githubusercontent.com/Hassan-aesthetica/la-doccia/main/assets/p/109_a.jpg,1,"Trinkflasche „Idra“, 750 ml",,active
ld-p109-trinkflasche-idra-750-ml,,,,,,,,,,,,,,,,,,,,https://raw.githubusercontent.com/Hassan-aesthetica/la-doccia/main/assets/p/109_b.jpg,2,"Trinkflasche „Idra“, 750 ml",,
ld-p109-trinkflasche-idra-750-ml,,,,,,,,,,,,,,,,,,,,https://raw.githubusercontent.com/Hassan-aesthetica/la-doccia/main/assets/p/109_a_v2.jpg,3,"Trinkflasche „Idra“, 750 ml",,
ld-p109-trinkflasche-idra-750-ml,,,,,,,,,,,,,,,,,,,,https://raw.githubusercontent.com/Hassan-aesthetica/la-doccia/main/assets/p/109_a_v3.jpg,4,"Trinkflasche „Idra“, 750 ml",,
ld-p128-eau-de-parfum-blocco-50-ml,"Eau de Parfum „Blocco“, 50 ml","<p>p128</p><p><strong>Gut zu wissen:</strong> 14 % Duftölanteil: Ambra, Zeder und ein Hauch Salz. Design geschützt, Erstveröffentlichung dokumentiert.</p>",LA DOCCIA,Parfümerie,"Parfümerie,edp,KI-Bild",TRUE,Title,Default Title,,,LD-P128,,shopify,25,deny,manual,159,TRUE,TRUE,https://raw.githubusercontent.com/Hassan-aesthetica/la-doccia/main/assets/p/128_a.jpg,1,"Eau de Parfum „Blocco“, 50 ml",,active
ld-p128-eau-de-parfum-blocco-50-ml,,,,,,,,,,,,,,,,,,,,https://raw.githubusercontent.com/Hassan-aesthetica/la-doccia/main/assets/p/128_b.jpg,2,"Eau de Parfum „Blocco“, 50 ml",,
ld-p128-eau-de-parfum-blocco-50-ml,,,,,,,,,,,,,,,,,,,,https://raw.githubusercontent.com/Hassan-aesthetica/la-doccia/main/assets/p/128_c.jpg,3,"Eau de Parfum „Blocco“, 50 ml",,
ld-p131-hemd-camicia,Hemd „Camicia“,"<p>p131</p><p><strong>Gut zu wissen:</strong> Sichtbare Nähte als Markenzeichen — wirkt unzerreißbar. Bei 40 °C waschen, bügelleicht.</p><p><strong>Material:</strong> 100 % Baumwolle (Oxford)</p>",LA DOCCIA,Mode,"Mode,oberteile,herren,KI-Bild",TRUE,Größe,S,,,LD-P131-S,,shopify,25,deny,manual,149,TRUE,TRUE,https://raw.githubusercontent.com/Hassan-aesthetica/la-doccia/main/assets/p/131_a.jpg,1,Hemd „Camicia“,,active
ld-p131-hemd-camicia,,,,,,,,M,,,LD-P131-M,,shopify,25,deny,manual,149,TRUE,TRUE,,,,,
ld-p131-hemd-camicia,,,,,,,,L,,,LD-P131-L,,shopify,25,deny,manual,149,TRUE,TRUE,,,,,
ld-p131-hemd-camicia,,,,,,,,XL,,,LD-P131-XL,,shopify,25,deny,manual,149,TRUE,TRUE,,,,,
ld-p131-hemd-camicia,,,,,,,,,,,,,,,,,,,,https://raw.githubusercontent.com/Hassan-aesthetica/la-doccia/main/assets/p/131_a_v2.jpg,2,Hemd „Camicia“,,
ld-p131-hemd-camicia,,,,,,,,,,,,,,,,,,,,https://raw.githubusercontent.com/Hassan-aesthetica/la-doccia/main/assets/p/131_a_v3.jpg,3,Hemd „Camicia“,,
ld-p132-sneaker-scintilla,Sneaker „Scintilla“,"<p>p132</p><p><strong>Gut zu wissen:</strong> Kristallbesatz aus geschliffenem Acryl, geprägtes LA DOCCIA an der Ferse. Mit Ledertuch pflegen.</p><p><strong>Material:</strong> Leder, Gummisohle</p>",LA DOCCIA,Mode,"Mode,schuhe,damen,KI-Bild",TRUE,Größe,36,Farbe,Weiß,LD-P132-36-WEI,,shopify,25,deny,manual,229,TRUE,TRUE,https://raw.githubusercontent.com/Hassan-aesthetica/la-doccia/main/assets/p/132_a.jpg,1,Sneaker „Scintilla“,https://raw.githubusercontent.com/Hassan-aesthetica/la-doccia/main/assets/p/132_a.jpg,active
ld-p132-sneaker-scintilla,,,,,,,,36,,Schwarz,LD-P132-36-SCH,,shopify,25,deny,manual,229,TRUE,TRUE,,,,https://raw.githubusercontent.com/Hassan-aesthetica/la-doccia/main/assets/p/132_schwarz.jpg,
ld-p132-sneaker-scintilla,,,,,,,,37,,Weiß,LD-P132-37-WEI,,shopify,25,deny,manual,229,TRUE,TRUE,,,,https://raw.githubusercontent.com/Hassan-aesthetica/la-doccia/main/assets/p/132_a.jpg,
ld-p132-sneaker-scintilla,,,,,,,,37,,Schwarz,LD-P132-37-SCH,,shopify,25,deny,manual,229,TRUE,TRUE,,,,https://raw.githubusercontent.com/Hassan-aesthetica/la-doccia/main/assets/p/132_schwarz.jpg,
ld-p132-sneaker-scintilla,,,,,,,,38,,Weiß,LD-P132-38-WEI,,shopify,25,deny,manual,229,TRUE,TRUE,,,,https://raw.githubusercontent.com/Hassan-aesthetica/la-doccia/main/assets/p/132_a.jpg,
ld-p132-sneaker-scintilla,,,,,,,,38,,Schwarz,LD-P132-38-SCH,,shopify,25,deny,manual,229,TRUE,TRUE,,,,https://raw.githubusercontent.com/Hassan-aesthetica/la-doccia/main/assets/p/132_schwarz.jpg,
ld-p132-sneaker-scintilla,,,,,,,,39,,Weiß,LD-P132-39-WEI,,shopify,25,deny,manual,229,TRUE,TRUE,,,,https://raw.githubusercontent.com/Hassan-aesthetica/la-doccia/main/assets/p/132_a.jpg,
ld-p132-sneaker-scintilla,,,,,,,,39,,Schwarz,LD-P132-39-SCH,,shopify,25,deny,manual,229,TRUE,TRUE,,,,https://raw.githubusercontent.com/Hassan-aesthetica/la-doccia/main/assets/p/132_schwarz.jpg,
ld-p132-sneaker-scintilla,,,,,,,,40,,Weiß,LD-P132-40-WEI,,shopify,25,deny,manual,229,TRUE,TRUE,,,,https://raw.githubusercontent.com/Hassan-aesthetica/la-doccia/main/assets/p/132_a.jpg,
ld-p132-sneaker-scintilla,,,,,,,,40,,Schwarz,LD-P132-40-SCH,,shopify,25,deny,manual,229,TRUE,TRUE,,,,https://raw.githubusercontent.com/Hassan-aesthetica/la-doccia/main/assets/p/132_schwarz.jpg,
ld-p132-sneaker-scintilla,,,,,,,,41,,Weiß,LD-P132-41-WEI,,shopify,25,deny,manual,229,TRUE,TRUE,,,,https://raw.githubusercontent.com/Hassan-aesthetica/la-doccia/main/assets/p/132_a.jpg,
ld-p132-sneaker-scintilla,,,,,,,,41,,Schwarz,LD-P132-41-SCH,,shopify,25,deny,manual,229,TRUE,TRUE,,,,https://raw.githubusercontent.com/Hassan-aesthetica/la-doccia/main/assets/p/132_schwarz.jpg,
ld-p132-sneaker-scintilla,,,,,,,,,,,,,,,,,,,,https://raw.githubusercontent.com/Hassan-aesthetica/la-doccia/main/assets/p/132_a_v2.jpg,2,Sneaker „Scintilla“,,
ld-p132-sneaker-scintilla,,,,,,,,,,,,,,,,,,,,https://raw.githubusercontent.com/Hassan-aesthetica/la-doccia/main/assets/p/132_a_v3.jpg,3,Sneaker „Scintilla“,,
ld-p133-t-shirt-cucitura,T-Shirt „Cucitura“,"<p>p133</p><p><strong>Gut zu wissen:</strong> Sichtbare Kontrastnähte als Markenzeichen. Bei 30 °C auf links waschen.</p><p><strong>Material:</strong> 100 % Baumwolle, 240 g/m²</p>",LA DOCCIA,Mode,"Mode,oberteile,herren,KI-Bild",TRUE,Größe,S,Farbe,Weiß,LD-P133-S-WEI,,shopify,25,deny,manual,99,TRUE,TRUE,https://raw.githubusercontent.com/Hassan-aesthetica/la-doccia/main/assets/p/133_weiss.jpg,1,T-Shirt „Cucitura“,https://raw.githubusercontent.com/Hassan-aesthetica/la-doccia/main/assets/p/133_weiss.jpg,active
ld-p133-t-shirt-cucitura,,,,,,,,S,,Gelb,LD-P133-S-GEL,,shopify,25,deny,manual,99,TRUE,TRUE,,,,https://raw.githubusercontent.com/Hassan-aesthetica/la-doccia/main/assets/p/133_gelb.jpg,
ld-p133-t-shirt-cucitura,,,,,,,,S,,Türkis,LD-P133-S-TÜR,,shopify,25,deny,manual,99,TRUE,TRUE,,,,https://raw.githubusercontent.com/Hassan-aesthetica/la-doccia/main/assets/p/133_tuerkis.jpg,
ld-p133-t-shirt-cucitura,,,,,,,,S,,Violett,LD-P133-S-VIO,,shopify,25,deny,manual,99,TRUE,TRUE,,,,https://raw.githubusercontent.com/Hassan-aesthetica/la-doccia/main/assets/p/133_violett.jpg,
ld-p133-t-shirt-cucitura,,,,,,,,M,,Weiß,LD-P133-M-WEI,,shopify,25,deny,manual,99,TRUE,TRUE,,,,https://raw.githubusercontent.com/Hassan-aesthetica/la-doccia/main/assets/p/133_weiss.jpg,
ld-p133-t-shirt-cucitura,,,,,,,,M,,Gelb,LD-P133-M-GEL,,shopify,25,deny,manual,99,TRUE,TRUE,,,,https://raw.githubusercontent.com/Hassan-aesthetica/la-doccia/main/assets/p/133_gelb.jpg,
ld-p133-t-shirt-cucitura,,,,,,,,M,,Türkis,LD-P133-M-TÜR,,shopify,25,deny,manual,99,TRUE,TRUE,,,,https://raw.githubusercontent.com/Hassan-aesthetica/la-doccia/main/assets/p/133_tuerkis.jpg,
ld-p133-t-shirt-cucitura,,,,,,,,M,,Violett,LD-P133-M-VIO,,shopify,25,deny,manual,99,TRUE,TRUE,,,,https://raw.githubusercontent.com/Hassan-aesthetica/la-doccia/main/assets/p/133_violett.jpg,
ld-p133-t-shirt-cucitura,,,,,,,,L,,Weiß,LD-P133-L-WEI,,shopify,25,deny,manual,99,TRUE,TRUE,,,,https://raw.githubusercontent.com/Hassan-aesthetica/la-doccia/main/assets/p/133_weiss.jpg,
ld-p133-t-shirt-cucitura,,,,,,,,L,,Gelb,LD-P133-L-GEL,,shopify,25,deny,manual,99,TRUE,TRUE,,,,https://raw.githubusercontent.com/Hassan-aesthetica/la-doccia/main/assets/p/133_gelb.jpg,
ld-p133-t-shirt-cucitura,,,,,,,,L,,Türkis,LD-P133-L-TÜR,,shopify,25,deny,manual,99,TRUE,TRUE,,,,https://raw.githubusercontent.com/Hassan-aesthetica/la-doccia/main/assets/p/133_tuerkis.jpg,
ld-p133-t-shirt-cucitura,,,,,,,,L,,Violett,LD-P133-L-VIO,,shopify,25,deny,manual,99,TRUE,TRUE,,,,https://raw.githubusercontent.com/Hassan-aesthetica/la-doccia/main/assets/p/133_violett.jpg,
ld-p133-t-shirt-cucitura,,,,,,,,XL,,Weiß,LD-P133-XL-WEI,,shopify,25,deny,manual,99,TRUE,TRUE,,,,https://raw.githubusercontent.com/Hassan-aesthetica/la-doccia/main/assets/p/133_weiss.jpg,
ld-p133-t-shirt-cucitura,,,,,,,,XL,,Gelb,LD-P133-XL-GEL,,shopify,25,deny,manual,99,TRUE,TRUE,,,,https://raw.githubusercontent.com/Hassan-aesthetica/la-doccia/main/assets/p/133_gelb.jpg,
ld-p133-t-shirt-cucitura,,,,,,,,XL,,Türkis,LD-P133-XL-TÜR,,shopify,25,deny,manual,99,TRUE,TRUE,,,,https://raw.githubusercontent.com/Hassan-aesthetica/la-doccia/main/assets/p/133_tuerkis.jpg,
ld-p133-t-shirt-cucitura,,,,,,,,XL,,Violett,LD-P133-XL-VIO,,shopify,25,deny,manual,99,TRUE,TRUE,,,,https://raw.githubusercontent.com/Hassan-aesthetica/la-doccia/main/assets/p/133_violett.jpg,
ld-p133-t-shirt-cucitura,,,,,,,,,,,,,,,,,,,,https://raw.githubusercontent.com/Hassan-aesthetica/la-doccia/main/assets/p/133_weiss_v2.jpg,2,T-Shirt „Cucitura“,,
ld-p133-t-shirt-cucitura,,,,,,,,,,,,,,,,,,,,https://raw.githubusercontent.com/Hassan-aesthetica/la-doccia/main/assets/p/133_weiss_v3.jpg,3,T-Shirt „Cucitura“,,
ld-p134-t-shirt-giorno,T-Shirt „Giorno“,"<p>p134</p><p><strong>Gut zu wissen:</strong> Dichte, weiche Baumwolle. Bei 30 °C auf links waschen.</p><p><strong>Material:</strong> 100 % Baumwolle</p>",LA DOCCIA,Mode,"Mode,oberteile,damen,KI-Bild",TRUE,Größe,XS,Farbe,Weiß,LD-P134-XS-WEI,,shopify,25,deny,manual,89,TRUE,TRUE,https://raw.githubusercontent.com/Hassan-aesthetica/la-doccia/main/assets/p/134_weiss.jpg,1,T-Shirt „Giorno“,https://raw.githubusercontent.com/Hassan-aesthetica/la-doccia/main/assets/p/134_weiss.jpg,active
ld-p134-t-shirt-giorno,,,,,,,,XS,,Gelb,LD-P134-XS-GEL,,shopify,25,deny,manual,89,TRUE,TRUE,,,,https://raw.githubusercontent.com/Hassan-aesthetica/la-doccia/main/assets/p/134_gelb.jpg,
ld-p134-t-shirt-giorno,,,,,,,,XS,,Türkis,LD-P134-XS-TÜR,,shopify,25,deny,manual,89,TRUE,TRUE,,,,https://raw.githubusercontent.com/Hassan-aesthetica/la-doccia/main/assets/p/134_tuerkis.jpg,
ld-p134-t-shirt-giorno,,,,,,,,XS,,Violett,LD-P134-XS-VIO,,shopify,25,deny,manual,89,TRUE,TRUE,,,,https://raw.githubusercontent.com/Hassan-aesthetica/la-doccia/main/assets/p/134_violett.jpg,
ld-p134-t-shirt-giorno,,,,,,,,S,,Weiß,LD-P134-S-WEI,,shopify,25,deny,manual,89,TRUE,TRUE,,,,https://raw.githubusercontent.com/Hassan-aesthetica/la-doccia/main/assets/p/134_weiss.jpg,
ld-p134-t-shirt-giorno,,,,,,,,S,,Gelb,LD-P134-S-GEL,,shopify,25,deny,manual,89,TRUE,TRUE,,,,https://raw.githubusercontent.com/Hassan-aesthetica/la-doccia/main/assets/p/134_gelb.jpg,
ld-p134-t-shirt-giorno,,,,,,,,S,,Türkis,LD-P134-S-TÜR,,shopify,25,deny,manual,89,TRUE,TRUE,,,,https://raw.githubusercontent.com/Hassan-aesthetica/la-doccia/main/assets/p/134_tuerkis.jpg,
ld-p134-t-shirt-giorno,,,,,,,,S,,Violett,LD-P134-S-VIO,,shopify,25,deny,manual,89,TRUE,TRUE,,,,https://raw.githubusercontent.com/Hassan-aesthetica/la-doccia/main/assets/p/134_violett.jpg,
ld-p134-t-shirt-giorno,,,,,,,,M,,Weiß,LD-P134-M-WEI,,shopify,25,deny,manual,89,TRUE,TRUE,,,,https://raw.githubusercontent.com/Hassan-aesthetica/la-doccia/main/assets/p/134_weiss.jpg,
ld-p134-t-shirt-giorno,,,,,,,,M,,Gelb,LD-P134-M-GEL,,shopify,25,deny,manual,89,TRUE,TRUE,,,,https://raw.githubusercontent.com/Hassan-aesthetica/la-doccia/main/assets/p/134_gelb.jpg,
ld-p134-t-shirt-giorno,,,,,,,,M,,Türkis,LD-P134-M-TÜR,,shopify,25,deny,manual,89,TRUE,TRUE,,,,https://raw.githubusercontent.com/Hassan-aesthetica/la-doccia/main/assets/p/134_tuerkis.jpg,
ld-p134-t-shirt-giorno,,,,,,,,M,,Violett,LD-P134-M-VIO,,shopify,25,deny,manual,89,TRUE,TRUE,,,,https://raw.githubusercontent.com/Hassan-aesthetica/la-doccia/main/assets/p/134_violett.jpg,
ld-p134-t-shirt-giorno,,,,,,,,L,,Weiß,LD-P134-L-WEI,,shopify,25,deny,manual,89,TRUE,TRUE,,,,https://raw.githubusercontent.com/Hassan-aesthetica/la-doccia/main/assets/p/134_weiss.jpg,
ld-p134-t-shirt-giorno,,,,,,,,L,,Gelb,LD-P134-L-GEL,,shopify,25,deny,manual,89,TRUE,TRUE,,,,https://raw.githubusercontent.com/Hassan-aesthetica/la-doccia/main/assets/p/134_gelb.jpg,
ld-p134-t-shirt-giorno,,,,,,,,L,,Türkis,LD-P134-L-TÜR,,shopify,25,deny,manual,89,TRUE,TRUE,,,,https://raw.githubusercontent.com/Hassan-aesthetica/la-doccia/main/assets/p/134_tuerkis.jpg,
ld-p134-t-shirt-giorno,,,,,,,,L,,Violett,LD-P134-L-VIO,,shopify,25,deny,manual,89,TRUE,TRUE,,,,https://raw.githubusercontent.com/Hassan-aesthetica/la-doccia/main/assets/p/134_violett.jpg,
ld-p134-t-shirt-giorno,,,,,,,,,,,,,,,,,,,,https://raw.githubusercontent.com/Hassan-aesthetica/la-doccia/main/assets/p/134_weiss_v2.jpg,2,T-Shirt „Giorno“,,
ld-p134-t-shirt-giorno,,,,,,,,,,,,,,,,,,,,https://raw.githubusercontent.com/Hassan-aesthetica/la-doccia/main/assets/p/134_weiss_v3.jpg,3,T-Shirt „Giorno“,,
ld-p135-runner-corsa,Runner „Corsa“,"<p>p135</p><p><strong>Gut zu wissen:</strong> Dämpfende Sohle, herausnehmbares Fußbett. Mit Imprägnierspray schützen.</p><p><strong>Material:</strong> Mesh, Veloursleder, Gummisohle</p>",LA DOCCIA,Mode,"Mode,schuhe,KI-Bild",TRUE,Größe,37,,,LD-P135-37,,shopify,25,deny,manual,199,TRUE,TRUE,https://raw.githubusercontent.com/Hassan-aesthetica/la-doccia/main/assets/p/135_a.jpg,1,Runner „Corsa“,,active
ld-p135-runner-corsa,,,,,,,,38,,,LD-P135-38,,shopify,25,deny,manual,199,TRUE,TRUE,,,,,
ld-p135-runner-corsa,,,,,,,,39,,,LD-P135-39,,shopify,25,deny,manual,199,TRUE,TRUE,,,,,
ld-p135-runner-corsa,,,,,,,,40,,,LD-P135-40,,shopify,25,deny,manual,199,TRUE,TRUE,,,,,
ld-p135-runner-corsa,,,,,,,,41,,,LD-P135-41,,shopify,25,deny,manual,199,TRUE,TRUE,,,,,
ld-p135-runner-corsa,,,,,,,,42,,,LD-P135-42,,shopify,25,deny,manual,199,TRUE,TRUE,,,,,
ld-p135-runner-corsa,,,,,,,,43,,,LD-P135-43,,shopify,25,deny,manual,199,TRUE,TRUE,,,,,
ld-p135-runner-corsa,,,,,,,,44,,,LD-P135-44,,shopify,25,deny,manual,199,TRUE,TRUE,,,,,
ld-p135-runner-corsa,,,,,,,,,,,,,,,,,,,,https://raw.githubusercontent.com/Hassan-aesthetica/la-doccia/main/assets/p/135_a_v2.jpg,2,Runner „Corsa“,,
ld-p135-runner-corsa,,,,,,,,,,,,,,,,,,,,https://raw.githubusercontent.com/Hassan-aesthetica/la-doccia/main/assets/p/135_a_v3.jpg,3,Runner „Corsa“,,
ld-p136-handtasche-quadra-mini,Handtasche „Quadra Mini“,"<p>p136</p><p><strong>Gut zu wissen:</strong> Kette abnehmbar, Platz für Telefon, Karte und Lippenbalsam. Goldene Hardware.</p><p><strong>Material:</strong> Genarbtes Leder, goldene Kette</p>",LA DOCCIA,Mode,"Mode,taschen,damen,KI-Bild",TRUE,Title,Default Title,,,LD-P136,,shopify,25,deny,manual,229,TRUE,TRUE,https://raw.githubusercontent.com/Hassan-aesthetica/la-doccia/main/assets/p/136_a.jpg,1,Handtasche „Quadra Mini“,,active
ld-p136-handtasche-quadra-mini,,,,,,,,,,,,,,,,,,,,https://raw.githubusercontent.com/Hassan-aesthetica/la-doccia/main/assets/p/136_a_v2.jpg,2,Handtasche „Quadra Mini“,,
ld-p136-handtasche-quadra-mini,,,,,,,,,,,,,,,,,,,,https://raw.githubusercontent.com/Hassan-aesthetica/la-doccia/main/assets/p/136_a_v3.jpg,3,Handtasche „Quadra Mini“,,
ld-p137-baguette-lunga,Baguette „Lunga“,"<p>p137</p><p><strong>Gut zu wissen:</strong> Unter den Arm oder in die Hand — Magnetverschluss, goldene Füße am Boden.</p><p><strong>Material:</strong> Genarbtes Leder</p>",LA DOCCIA,Mode,"Mode,taschen,damen,KI-Bild",TRUE,Title,Default Title,,,LD-P137,,shopify,25,deny,manual,249,TRUE,TRUE,https://raw.githubusercontent.com/Hassan-aesthetica/la-doccia/main/assets/p/137_a.jpg,1,Baguette „Lunga“,,active
ld-p137-baguette-lunga,,,,,,,,,,,,,,,,,,,,https://raw.githubusercontent.com/Hassan-aesthetica/la-doccia/main/assets/p/137_a_v2.jpg,2,Baguette „Lunga“,,
ld-p137-baguette-lunga,,,,,,,,,,,,,,,,,,,,https://raw.githubusercontent.com/Hassan-aesthetica/la-doccia/main/assets/p/137_a_v3.jpg,3,Baguette „Lunga“,,
ld-p138-sommerhemd-quadri,Sommerhemd „Quadri“,"<p>p138</p><p><strong>Gut zu wissen:</strong> Reverskragen, gerader Saum — lässt sich offen oder geschlossen tragen. Bei 30 °C waschen.</p><p><strong>Material:</strong> 100 % Baumwolle</p>",LA DOCCIA,Mode,"Mode,oberteile,herren,KI-Bild",TRUE,Größe,S,,,LD-P138-S,,shopify,25,deny,manual,129,TRUE,TRUE,https://raw.githubusercontent.com/Hassan-aesthetica/la-doccia/main/assets/p/138_a.jpg,1,Sommerhemd „Quadri“,,active
ld-p138-sommerhemd-quadri,,,,,,,,M,,,LD-P138-M,,shopify,25,deny,manual,129,TRUE,TRUE,,,,,
ld-p138-sommerhemd-quadri,,,,,,,,L,,,LD-P138-L,,shopify,25,deny,manual,129,TRUE,TRUE,,,,,
ld-p138-sommerhemd-quadri,,,,,,,,XL,,,LD-P138-XL,,shopify,25,deny,manual,129,TRUE,TRUE,,,,,
ld-p138-sommerhemd-quadri,,,,,,,,,,,,,,,,,,,,https://raw.githubusercontent.com/Hassan-aesthetica/la-doccia/main/assets/p/138_a_v2.jpg,2,Sommerhemd „Quadri“,,
ld-p138-sommerhemd-quadri,,,,,,,,,,,,,,,,,,,,https://raw.githubusercontent.com/Hassan-aesthetica/la-doccia/main/assets/p/138_a_v3.jpg,3,Sommerhemd „Quadri“,,
ld-p140-eau-de-parfum-duo-30-ml,"Eau de Parfum „Duo“, 30 ml",<p>p140</p><p><strong>Gut zu wissen:</strong> 12 % Duftölanteil. Handlich fürs Regal und die Reise.</p>,LA DOCCIA,Parfümerie,"Parfümerie,edp,KI-Bild",TRUE,Title,Default Title,,,LD-P140,,shopify,25,deny,manual,99,TRUE,TRUE,https://raw.githubusercontent.com/Hassan-aesthetica/la-doccia/main/assets/p/140_a.jpg,1,"Eau de Parfum „Duo“, 30 ml",,active
ld-p140-eau-de-parfum-duo-30-ml,,,,,,,,,,,,,,,,,,,,https://raw.githubusercontent.com/Hassan-aesthetica/la-doccia/main/assets/p/140_b.jpg,2,"Eau de Parfum „Duo“, 30 ml",,
ld-p140-eau-de-parfum-duo-30-ml,,,,,,,,,,,,,,,,,,,,https://raw.githubusercontent.com/Hassan-aesthetica/la-doccia/main/assets/p/140_c.jpg,3,"Eau de Parfum „Duo“, 30 ml",,
ld-p161-eau-de-parfum-duo-vetro-30-ml,"Eau de Parfum „Duo Vetro“, 30 ml",<p>p161</p><p><strong>Gut zu wissen:</strong> Satinierte Glas-Edition — dieselbe Duftkomposition wie „Duo“. Design geschützt.</p>,LA DOCCIA,Parfümerie,"Parfümerie,edp,KI-Bild",TRUE,Title,Default Title,,,LD-P161,,shopify,25,deny,manual,99,TRUE,TRUE,https://raw.githubusercontent.com/Hassan-aesthetica/la-doccia/main/assets/p/140_glas_a.jpg,1,"Eau de Parfum „Duo Vetro“, 30 ml",,active
ld-p161-eau-de-parfum-duo-vetro-30-ml,,,,,,,,,,,,,,,,,,,,https://raw.githubusercontent.com/Hassan-aesthetica/la-doccia/main/assets/p/140_glas_b.jpg,2,"Eau de Parfum „Duo Vetro“, 30 ml",,
ld-p161-eau-de-parfum-duo-vetro-30-ml,,,,,,,,,,,,,,,,,,,,https://raw.githubusercontent.com/Hassan-aesthetica/la-doccia/main/assets/p/140_glas_c.jpg,3,"Eau de Parfum „Duo Vetro“, 30 ml",,
ld-p141-eau-de-parfum-piccolo-15-ml,"Eau de Parfum „Piccolo“, 15 ml",<p>p141</p><p><strong>Gut zu wissen:</strong> Flugtauglich unter 100 ml. Auch schön als Geschenk zum Kennenlernen.</p>,LA DOCCIA,Parfümerie,"Parfümerie,edp,KI-Bild",TRUE,Title,Default Title,,,LD-P141,,shopify,25,deny,manual,59,TRUE,TRUE,https://raw.githubusercontent.com/Hassan-aesthetica/la-doccia/main/assets/p/141_a.jpg,1,"Eau de Parfum „Piccolo“, 15 ml",,active
ld-p141-eau-de-parfum-piccolo-15-ml,,,,,,,,,,,,,,,,,,,,https://raw.githubusercontent.com/Hassan-aesthetica/la-doccia/main/assets/p/141_b.jpg,2,"Eau de Parfum „Piccolo“, 15 ml",,
ld-p141-eau-de-parfum-piccolo-15-ml,,,,,,,,,,,,,,,,,,,,https://raw.githubusercontent.com/Hassan-aesthetica/la-doccia/main/assets/p/141_c.jpg,3,"Eau de Parfum „Piccolo“, 15 ml",,
ld-p165-kinder-duft-cubetto-50-ml,"Kinder-Duft „Cubetto“, 50 ml","<p>p165</p><p><strong>Gut zu wissen:</strong> Ohne Alkohol, dermatologisch mild — ein zarter, fruchtig-frischer Duft für Kinderhaut. 50 ml. KI-Design geschützt.</p>",LA DOCCIA,Parfümerie,"Parfümerie,edp,kinder,KI-Bild",TRUE,Title,Default Title,,,LD-P165,,shopify,25,deny,manual,39,TRUE,TRUE,https://raw.githubusercontent.com/Hassan-aesthetica/la-doccia/main/assets/p/165_a.jpg,1,"Kinder-Duft „Cubetto“, 50 ml",,active
ld-p165-kinder-duft-cubetto-50-ml,,,,,,,,,,,,,,,,,,,,https://raw.githubusercontent.com/Hassan-aesthetica/la-doccia/main/assets/p/165_b.jpg,2,"Kinder-Duft „Cubetto“, 50 ml",,
ld-p165-kinder-duft-cubetto-50-ml,,,,,,,,,,,,,,,,,,,,https://raw.githubusercontent.com/Hassan-aesthetica/la-doccia/main/assets/p/165_c.jpg,3,"Kinder-Duft „Cubetto“, 50 ml",,
ld-p162-eau-de-parfum-piccolo-vetro-15-ml,"Eau de Parfum „Piccolo Vetro“, 15 ml",<p>p162</p><p><strong>Gut zu wissen:</strong> Satinierte Glas-Edition — dieselbe Duftkomposition wie „Piccolo“. Design geschützt.</p>,LA DOCCIA,Parfümerie,"Parfümerie,edp,KI-Bild",TRUE,Title,Default Title,,,LD-P162,,shopify,25,deny,manual,59,TRUE,TRUE,https://raw.githubusercontent.com/Hassan-aesthetica/la-doccia/main/assets/p/141_glas_a.jpg,1,"Eau de Parfum „Piccolo Vetro“, 15 ml",,active
ld-p162-eau-de-parfum-piccolo-vetro-15-ml,,,,,,,,,,,,,,,,,,,,https://raw.githubusercontent.com/Hassan-aesthetica/la-doccia/main/assets/p/141_glas_b.jpg,2,"Eau de Parfum „Piccolo Vetro“, 15 ml",,
ld-p162-eau-de-parfum-piccolo-vetro-15-ml,,,,,,,,,,,,,,,,,,,,https://raw.githubusercontent.com/Hassan-aesthetica/la-doccia/main/assets/p/141_glas_c.jpg,3,"Eau de Parfum „Piccolo Vetro“, 15 ml",,
ld-p142-eau-de-parfum-grattacielo-75-ml,"Eau de Parfum „Grattacielo“, 75 ml",<p>p142</p><p><strong>Gut zu wissen:</strong> 15 % Duftölanteil — der langlebigste Duft der Kollektion.</p>,LA DOCCIA,Parfümerie,"Parfümerie,edp,KI-Bild",TRUE,Title,Default Title,,,LD-P142,,shopify,25,deny,manual,189,TRUE,TRUE,https://raw.githubusercontent.com/Hassan-aesthetica/la-doccia/main/assets/p/142_a.jpg,1,"Eau de Parfum „Grattacielo“, 75 ml",,active
ld-p142-eau-de-parfum-grattacielo-75-ml,,,,,,,,,,,,,,,,,,,,https://raw.githubusercontent.com/Hassan-aesthetica/la-doccia/main/assets/p/142_b.jpg,2,"Eau de Parfum „Grattacielo“, 75 ml",,
ld-p142-eau-de-parfum-grattacielo-75-ml,,,,,,,,,,,,,,,,,,,,https://raw.githubusercontent.com/Hassan-aesthetica/la-doccia/main/assets/p/142_c.jpg,3,"Eau de Parfum „Grattacielo“, 75 ml",,
ld-p163-eau-de-parfum-grattacielo-vetro-75-ml,"Eau de Parfum „Grattacielo Vetro“, 75 ml",<p>p163</p><p><strong>Gut zu wissen:</strong> Satinierte Glas-Edition — dieselbe Duftkomposition wie „Grattacielo“. Design geschützt.</p>,LA DOCCIA,Parfümerie,"Parfümerie,edp,KI-Bild",TRUE,Title,Default Title,,,LD-P163,,shopify,25,deny,manual,189,TRUE,TRUE,https://raw.githubusercontent.com/Hassan-aesthetica/la-doccia/main/assets/p/142_glas_a.jpg,1,"Eau de Parfum „Grattacielo Vetro“, 75 ml",,active
ld-p163-eau-de-parfum-grattacielo-vetro-75-ml,,,,,,,,,,,,,,,,,,,,https://raw.githubusercontent.com/Hassan-aesthetica/la-doccia/main/assets/p/142_glas_b.jpg,2,"Eau de Parfum „Grattacielo Vetro“, 75 ml",,
ld-p163-eau-de-parfum-grattacielo-vetro-75-ml,,,,,,,,,,,,,,,,,,,,https://raw.githubusercontent.com/Hassan-aesthetica/la-doccia/main/assets/p/142_glas_c.jpg,3,"Eau de Parfum „Grattacielo Vetro“, 75 ml",,
ld-p143-daunenjacke-piuma,Daunenjacke „Piuma“,"<p>p143</p><p><strong>Gut zu wissen:</strong> Warm, leicht, wasserabweisend. Bei 30 °C im Schonwaschgang, mit Tennisbällen trocknen.</p><p><strong>Material:</strong> Recyceltes Polyamid, Daune (RDS)</p>",LA DOCCIA,Mode,"Mode,jacken,herren,KI-Bild",TRUE,Größe,S,Farbe,Schwarz,LD-P143-S-SCH,,shopify,25,deny,manual,399,TRUE,TRUE,https://raw.githubusercontent.com/Hassan-aesthetica/la-doccia/main/assets/p/143_schwarz.jpg,1,Daunenjacke „Piuma“,https://raw.githubusercontent.com/Hassan-aesthetica/la-doccia/main/assets/p/143_schwarz.jpg,active
ld-p143-daunenjacke-piuma,,,,,,,,S,,Türkis,LD-P143-S-TÜR,,shopify,25,deny,manual,399,TRUE,TRUE,,,,https://raw.githubusercontent.com/Hassan-aesthetica/la-doccia/main/assets/p/143_tuerkis.jpg,
ld-p143-daunenjacke-piuma,,,,,,,,S,,Weiß,LD-P143-S-WEI,,shopify,25,deny,manual,399,TRUE,TRUE,,,,https://raw.githubusercontent.com/Hassan-aesthetica/la-doccia/main/assets/p/143_weiss.jpg,
ld-p143-daunenjacke-piuma,,,,,,,,M,,Schwarz,LD-P143-M-SCH,,shopify,25,deny,manual,399,TRUE,TRUE,,,,https://raw.githubusercontent.com/Hassan-aesthetica/la-doccia/main/assets/p/143_schwarz.jpg,
ld-p143-daunenjacke-piuma,,,,,,,,M,,Türkis,LD-P143-M-TÜR,,shopify,25,deny,manual,399,TRUE,TRUE,,,,https://raw.githubusercontent.com/Hassan-aesthetica/la-doccia/main/assets/p/143_tuerkis.jpg,
ld-p143-daunenjacke-piuma,,,,,,,,M,,Weiß,LD-P143-M-WEI,,shopify,25,deny,manual,399,TRUE,TRUE,,,,https://raw.githubusercontent.com/Hassan-aesthetica/la-doccia/main/assets/p/143_weiss.jpg,
ld-p143-daunenjacke-piuma,,,,,,,,L,,Schwarz,LD-P143-L-SCH,,shopify,25,deny,manual,399,TRUE,TRUE,,,,https://raw.githubusercontent.com/Hassan-aesthetica/la-doccia/main/assets/p/143_schwarz.jpg,
ld-p143-daunenjacke-piuma,,,,,,,,L,,Türkis,LD-P143-L-TÜR,,shopify,25,deny,manual,399,TRUE,TRUE,,,,https://raw.githubusercontent.com/Hassan-aesthetica/la-doccia/main/assets/p/143_tuerkis.jpg,
ld-p143-daunenjacke-piuma,,,,,,,,L,,Weiß,LD-P143-L-WEI,,shopify,25,deny,manual,399,TRUE,TRUE,,,,https://raw.githubusercontent.com/Hassan-aesthetica/la-doccia/main/assets/p/143_weiss.jpg,
ld-p143-daunenjacke-piuma,,,,,,,,XL,,Schwarz,LD-P143-XL-SCH,,shopify,25,deny,manual,399,TRUE,TRUE,,,,https://raw.githubusercontent.com/Hassan-aesthetica/la-doccia/main/assets/p/143_schwarz.jpg,
ld-p143-daunenjacke-piuma,,,,,,,,XL,,Türkis,LD-P143-XL-TÜR,,shopify,25,deny,manual,399,TRUE,TRUE,,,,https://raw.githubusercontent.com/Hassan-aesthetica/la-doccia/main/assets/p/143_tuerkis.jpg,
ld-p143-daunenjacke-piuma,,,,,,,,XL,,Weiß,LD-P143-XL-WEI,,shopify,25,deny,manual,399,TRUE,TRUE,,,,https://raw.githubusercontent.com/Hassan-aesthetica/la-doccia/main/assets/p/143_weiss.jpg,
ld-p143-daunenjacke-piuma,,,,,,,,,,,,,,,,,,,,https://raw.githubusercontent.com/Hassan-aesthetica/la-doccia/main/assets/p/143_schwarz_v2.jpg,2,Daunenjacke „Piuma“,,
ld-p143-daunenjacke-piuma,,,,,,,,,,,,,,,,,,,,https://raw.githubusercontent.com/Hassan-aesthetica/la-doccia/main/assets/p/143_schwarz_v3.jpg,3,Daunenjacke „Piuma“,,
ld-p144-daunenjacke-piuma-donna,Daunenjacke „Piuma Donna“,"<p>p144</p><p><strong>Gut zu wissen:</strong> Warm, federleicht, wasserabweisend. Bei 30 °C im Schonwaschgang.</p><p><strong>Material:</strong> Recyceltes Polyamid, Daune (RDS)</p>",LA DOCCIA,Mode,"Mode,jacken,damen,KI-Bild",TRUE,Größe,XS,Farbe,Violett,LD-P144-XS-VIO,,shopify,25,deny,manual,379,TRUE,TRUE,https://raw.githubusercontent.com/Hassan-aesthetica/la-doccia/main/assets/p/144_violett.jpg,1,Daunenjacke „Piuma Donna“,https://raw.githubusercontent.com/Hassan-aesthetica/la-doccia/main/assets/p/144_violett.jpg,active
ld-p144-daunenjacke-piuma-donna,,,,,,,,XS,,Weiß,LD-P144-XS-WEI,,shopify,25,deny,manual,379,TRUE,TRUE,,,,https://raw.githubusercontent.com/Hassan-aesthetica/la-doccia/main/assets/p/144_weiss.jpg,
ld-p144-daunenjacke-piuma-donna,,,,,,,,XS,,Orange,LD-P144-XS-ORA,,shopify,25,deny,manual,379,TRUE,TRUE,,,,https://raw.githubusercontent.com/Hassan-aesthetica/la-doccia/main/assets/p/144_orange.jpg,
ld-p144-daunenjacke-piuma-donna,,,,,,,,S,,Violett,LD-P144-S-VIO,,shopify,25,deny,manual,379,TRUE,TRUE,,,,https://raw.githubusercontent.com/Hassan-aesthetica/la-doccia/main/assets/p/144_violett.jpg,
ld-p144-daunenjacke-piuma-donna,,,,,,,,S,,Weiß,LD-P144-S-WEI,,shopify,25,deny,manual,379,TRUE,TRUE,,,,https://raw.githubusercontent.com/Hassan-aesthetica/la-doccia/main/assets/p/144_weiss.jpg,
ld-p144-daunenjacke-piuma-donna,,,,,,,,S,,Orange,LD-P144-S-ORA,,shopify,25,deny,manual,379,TRUE,TRUE,,,,https://raw.githubusercontent.com/Hassan-aesthetica/la-doccia/main/assets/p/144_orange.jpg,
ld-p144-daunenjacke-piuma-donna,,,,,,,,M,,Violett,LD-P144-M-VIO,,shopify,25,deny,manual,379,TRUE,TRUE,,,,https://raw.githubusercontent.com/Hassan-aesthetica/la-doccia/main/assets/p/144_violett.jpg,
ld-p144-daunenjacke-piuma-donna,,,,,,,,M,,Weiß,LD-P144-M-WEI,,shopify,25,deny,manual,379,TRUE,TRUE,,,,https://raw.githubusercontent.com/Hassan-aesthetica/la-doccia/main/assets/p/144_weiss.jpg,
ld-p144-daunenjacke-piuma-donna,,,,,,,,M,,Orange,LD-P144-M-ORA,,shopify,25,deny,manual,379,TRUE,TRUE,,,,https://raw.githubusercontent.com/Hassan-aesthetica/la-doccia/main/assets/p/144_orange.jpg,
ld-p144-daunenjacke-piuma-donna,,,,,,,,L,,Violett,LD-P144-L-VIO,,shopify,25,deny,manual,379,TRUE,TRUE,,,,https://raw.githubusercontent.com/Hassan-aesthetica/la-doccia/main/assets/p/144_violett.jpg,
ld-p144-daunenjacke-piuma-donna,,,,,,,,L,,Weiß,LD-P144-L-WEI,,shopify,25,deny,manual,379,TRUE,TRUE,,,,https://raw.githubusercontent.com/Hassan-aesthetica/la-doccia/main/assets/p/144_weiss.jpg,
ld-p144-daunenjacke-piuma-donna,,,,,,,,L,,Orange,LD-P144-L-ORA,,shopify,25,deny,manual,379,TRUE,TRUE,,,,https://raw.githubusercontent.com/Hassan-aesthetica/la-doccia/main/assets/p/144_orange.jpg,
ld-p144-daunenjacke-piuma-donna,,,,,,,,,,,,,,,,,,,,https://raw.githubusercontent.com/Hassan-aesthetica/la-doccia/main/assets/p/144_violett_v2.jpg,2,Daunenjacke „Piuma Donna“,,
ld-p144-daunenjacke-piuma-donna,,,,,,,,,,,,,,,,,,,,https://raw.githubusercontent.com/Hassan-aesthetica/la-doccia/main/assets/p/144_violett_v3.jpg,3,Daunenjacke „Piuma Donna“,,
ld-p145-strickpullover-quadretti,Strickpullover „Quadretti“,"<p>p145</p><p><strong>Gut zu wissen:</strong> Intarsien-Strick, kein Aufdruck. Handwäsche oder Wollprogramm.</p><p><strong>Material:</strong> 70 % Wolle, 30 % Baumwolle</p>",LA DOCCIA,Mode,"Mode,oberteile,damen,KI-Bild",TRUE,Größe,XS,Farbe,Weiß,LD-P145-XS-WEI,,shopify,25,deny,manual,179,TRUE,TRUE,https://raw.githubusercontent.com/Hassan-aesthetica/la-doccia/main/assets/p/145_creme.jpg,1,Strickpullover „Quadretti“,https://raw.githubusercontent.com/Hassan-aesthetica/la-doccia/main/assets/p/145_creme.jpg,active
ld-p145-strickpullover-quadretti,,,,,,,,XS,,Schwarz,LD-P145-XS-SCH,,shopify,25,deny,manual,179,TRUE,TRUE,,,,https://raw.githubusercontent.com/Hassan-aesthetica/la-doccia/main/assets/p/145_anthrazit.jpg,
ld-p145-strickpullover-quadretti,,,,,,,,S,,Weiß,LD-P145-S-WEI,,shopify,25,deny,manual,179,TRUE,TRUE,,,,https://raw.githubusercontent.com/Hassan-aesthetica/la-doccia/main/assets/p/145_creme.jpg,
ld-p145-strickpullover-quadretti,,,,,,,,S,,Schwarz,LD-P145-S-SCH,,shopify,25,deny,manual,179,TRUE,TRUE,,,,https://raw.githubusercontent.com/Hassan-aesthetica/la-doccia/main/assets/p/145_anthrazit.jpg,
ld-p145-strickpullover-quadretti,,,,,,,,M,,Weiß,LD-P145-M-WEI,,shopify,25,deny,manual,179,TRUE,TRUE,,,,https://raw.githubusercontent.com/Hassan-aesthetica/la-doccia/main/assets/p/145_creme.jpg,
ld-p145-strickpullover-quadretti,,,,,,,,M,,Schwarz,LD-P145-M-SCH,,shopify,25,deny,manual,179,TRUE,TRUE,,,,https://raw.githubusercontent.com/Hassan-aesthetica/la-doccia/main/assets/p/145_anthrazit.jpg,
ld-p145-strickpullover-quadretti,,,,,,,,L,,Weiß,LD-P145-L-WEI,,shopify,25,deny,manual,179,TRUE,TRUE,,,,https://raw.githubusercontent.com/Hassan-aesthetica/la-doccia/main/assets/p/145_creme.jpg,
ld-p145-strickpullover-quadretti,,,,,,,,L,,Schwarz,LD-P145-L-SCH,,shopify,25,deny,manual,179,TRUE,TRUE,,,,https://raw.githubusercontent.com/Hassan-aesthetica/la-doccia/main/assets/p/145_anthrazit.jpg,
ld-p145-strickpullover-quadretti,,,,,,,,,,,,,,,,,,,,https://raw.githubusercontent.com/Hassan-aesthetica/la-doccia/main/assets/p/145_creme_v2.jpg,2,Strickpullover „Quadretti“,,
ld-p145-strickpullover-quadretti,,,,,,,,,,,,,,,,,,,,https://raw.githubusercontent.com/Hassan-aesthetica/la-doccia/main/assets/p/145_creme_v3.jpg,3,Strickpullover „Quadretti“,,
ld-p146-track-jacke-pista,Track-Jacke „Pista“,<p>p146</p><p><strong>Gut zu wissen:</strong> Rippkragen mit Türkis-Orange-Tipping. Bei 30 °C waschen.</p><p><strong>Material:</strong> Technischer Jersey</p>,LA DOCCIA,Mode,"Mode,sport,herren,KI-Bild",TRUE,Größe,S,Farbe,Weiß,LD-P146-S-WEI,,shopify,25,deny,manual,199,TRUE,TRUE,https://raw.githubusercontent.com/Hassan-aesthetica/la-doccia/main/assets/p/146_weiss.jpg,1,Track-Jacke „Pista“,https://raw.githubusercontent.com/Hassan-aesthetica/la-doccia/main/assets/p/146_weiss.jpg,active
ld-p146-track-jacke-pista,,,,,,,,S,,Schwarz,LD-P146-S-SCH,,shopify,25,deny,manual,199,TRUE,TRUE,,,,https://raw.githubusercontent.com/Hassan-aesthetica/la-doccia/main/assets/p/146_schwarz.jpg,
ld-p146-track-jacke-pista,,,,,,,,M,,Weiß,LD-P146-M-WEI,,shopify,25,deny,manual,199,TRUE,TRUE,,,,https://raw.githubusercontent.com/Hassan-aesthetica/la-doccia/main/assets/p/146_weiss.jpg,
ld-p146-track-jacke-pista,,,,,,,,M,,Schwarz,LD-P146-M-SCH,,shopify,25,deny,manual,199,TRUE,TRUE,,,,https://raw.githubusercontent.com/Hassan-aesthetica/la-doccia/main/assets/p/146_schwarz.jpg,
ld-p146-track-jacke-pista,,,,,,,,L,,Weiß,LD-P146-L-WEI,,shopify,25,deny,manual,199,TRUE,TRUE,,,,https://raw.githubusercontent.com/Hassan-aesthetica/la-doccia/main/assets/p/146_weiss.jpg,
ld-p146-track-jacke-pista,,,,,,,,L,,Schwarz,LD-P146-L-SCH,,shopify,25,deny,manual,199,TRUE,TRUE,,,,https://raw.githubusercontent.com/Hassan-aesthetica/la-doccia/main/assets/p/146_schwarz.jpg,
ld-p146-track-jacke-pista,,,,,,,,XL,,Weiß,LD-P146-XL-WEI,,shopify,25,deny,manual,199,TRUE,TRUE,,,,https://raw.githubusercontent.com/Hassan-aesthetica/la-doccia/main/assets/p/146_weiss.jpg,
ld-p146-track-jacke-pista,,,,,,,,XL,,Schwarz,LD-P146-XL-SCH,,shopify,25,deny,manual,199,TRUE,TRUE,,,,https://raw.githubusercontent.com/Hassan-aesthetica/la-doccia/main/assets/p/146_schwarz.jpg,
ld-p146-track-jacke-pista,,,,,,,,,,,,,,,,,,,,https://raw.githubusercontent.com/Hassan-aesthetica/la-doccia/main/assets/p/146_weiss_v2.jpg,2,Track-Jacke „Pista“,,
ld-p146-track-jacke-pista,,,,,,,,,,,,,,,,,,,,https://raw.githubusercontent.com/Hassan-aesthetica/la-doccia/main/assets/p/146_weiss_v3.jpg,3,Track-Jacke „Pista“,,
ld-p147-kinder-daunenjacke-piumino,Kinder-Daunenjacke „Piumino“,"<p>p147</p><p><strong>Gut zu wissen:</strong> Wattiert statt Daune — pflegeleicht und tierfreundlich. Bei 30 °C waschbar.</p><p><strong>Material:</strong> Matter Baumwoll-Mix, Wattierung</p>",LA DOCCIA,Mode,"Mode,jacken,kinder,KI-Bild",TRUE,Größe,98/104,Farbe,Weiß,LD-P147-98104-WEI,,shopify,25,deny,manual,149,TRUE,TRUE,https://raw.githubusercontent.com/Hassan-aesthetica/la-doccia/main/assets/p/147_weiss.jpg,1,Kinder-Daunenjacke „Piumino“,https://raw.githubusercontent.com/Hassan-aesthetica/la-doccia/main/assets/p/147_weiss.jpg,active
ld-p147-kinder-daunenjacke-piumino,,,,,,,,98/104,,Gelb,LD-P147-98104-GEL,,shopify,25,deny,manual,149,TRUE,TRUE,,,,https://raw.githubusercontent.com/Hassan-aesthetica/la-doccia/main/assets/p/147_gelb.jpg,
ld-p147-kinder-daunenjacke-piumino,,,,,,,,98/104,,Türkis,LD-P147-98104-TÜR,,shopify,25,deny,manual,149,TRUE,TRUE,,,,https://raw.githubusercontent.com/Hassan-aesthetica/la-doccia/main/assets/p/147_tuerkis.jpg,
ld-p147-kinder-daunenjacke-piumino,,,,,,,,110/116,,Weiß,LD-P147-110116-WEI,,shopify,25,deny,manual,149,TRUE,TRUE,,,,https://raw.githubusercontent.com/Hassan-aesthetica/la-doccia/main/assets/p/147_weiss.jpg,
ld-p147-kinder-daunenjacke-piumino,,,,,,,,110/116,,Gelb,LD-P147-110116-GEL,,shopify,25,deny,manual,149,TRUE,TRUE,,,,https://raw.githubusercontent.com/Hassan-aesthetica/la-doccia/main/assets/p/147_gelb.jpg,
ld-p147-kinder-daunenjacke-piumino,,,,,,,,110/116,,Türkis,LD-P147-110116-TÜR,,shopify,25,deny,manual,149,TRUE,TRUE,,,,https://raw.githubusercontent.com/Hassan-aesthetica/la-doccia/main/assets/p/147_tuerkis.jpg,
ld-p147-kinder-daunenjacke-piumino,,,,,,,,122/128,,Weiß,LD-P147-122128-WEI,,shopify,25,deny,manual,149,TRUE,TRUE,,,,https://raw.githubusercontent.com/Hassan-aesthetica/la-doccia/main/assets/p/147_weiss.jpg,
ld-p147-kinder-daunenjacke-piumino,,,,,,,,122/128,,Gelb,LD-P147-122128-GEL,,shopify,25,deny,manual,149,TRUE,TRUE,,,,https://raw.githubusercontent.com/Hassan-aesthetica/la-doccia/main/assets/p/147_gelb.jpg,
ld-p147-kinder-daunenjacke-piumino,,,,,,,,122/128,,Türkis,LD-P147-122128-TÜR,,shopify,25,deny,manual,149,TRUE,TRUE,,,,https://raw.githubusercontent.com/Hassan-aesthetica/la-doccia/main/assets/p/147_tuerkis.jpg,
ld-p147-kinder-daunenjacke-piumino,,,,,,,,,,,,,,,,,,,,https://raw.githubusercontent.com/Hassan-aesthetica/la-doccia/main/assets/p/147_weiss_v2.jpg,2,Kinder-Daunenjacke „Piumino“,,
ld-p147-kinder-daunenjacke-piumino,,,,,,,,,,,,,,,,,,,,https://raw.githubusercontent.com/Hassan-aesthetica/la-doccia/main/assets/p/147_weiss_v3.jpg,3,Kinder-Daunenjacke „Piumino“,,
ld-p148-eau-de-parfum-torre-100-ml,"Eau de Parfum „Torre“, 100 ml","<p>p148</p><p><strong>Gut zu wissen:</strong> 15 % Duftölanteil, 100 ml. Der oberste Würfel ist der Deckel. Design geschützt.</p>",LA DOCCIA,Parfümerie,"Parfümerie,edp,KI-Bild",TRUE,Title,Default Title,,,LD-P148,,shopify,25,deny,manual,199,TRUE,TRUE,https://raw.githubusercontent.com/Hassan-aesthetica/la-doccia/main/assets/p/148_a.jpg,1,"Eau de Parfum „Torre“, 100 ml",,active
ld-p148-eau-de-parfum-torre-100-ml,,,,,,,,,,,,,,,,,,,,https://raw.githubusercontent.com/Hassan-aesthetica/la-doccia/main/assets/p/148_b.jpg,2,"Eau de Parfum „Torre“, 100 ml",,
ld-p148-eau-de-parfum-torre-100-ml,,,,,,,,,,,,,,,,,,,,https://raw.githubusercontent.com/Hassan-aesthetica/la-doccia/main/assets/p/148_c.jpg,3,"Eau de Parfum „Torre“, 100 ml",,
ld-p159-eau-de-parfum-torre-vetro-100-ml,"Eau de Parfum „Torre Vetro“, 100 ml",<p>p159</p><p><strong>Gut zu wissen:</strong> Satinierte Glas-Edition — dieselbe Duftkomposition wie „Torre“. Design geschützt.</p>,LA DOCCIA,Parfümerie,"Parfümerie,edp,KI-Bild",TRUE,Title,Default Title,,,LD-P159,,shopify,25,deny,manual,199,TRUE,TRUE,https://raw.githubusercontent.com/Hassan-aesthetica/la-doccia/main/assets/p/148_glas_a.jpg,1,"Eau de Parfum „Torre Vetro“, 100 ml",,active
ld-p159-eau-de-parfum-torre-vetro-100-ml,,,,,,,,,,,,,,,,,,,,https://raw.githubusercontent.com/Hassan-aesthetica/la-doccia/main/assets/p/148_glas_b.jpg,2,"Eau de Parfum „Torre Vetro“, 100 ml",,
ld-p159-eau-de-parfum-torre-vetro-100-ml,,,,,,,,,,,,,,,,,,,,https://raw.githubusercontent.com/Hassan-aesthetica/la-doccia/main/assets/p/148_glas_c.jpg,3,"Eau de Parfum „Torre Vetro“, 100 ml",,
ld-p149-premium-polo-bottone,Premium-Polo „Bottone“,"<p>p149</p><p><strong>Gut zu wissen:</strong> Gestickte Gold-Wortmarke mit den vier Quadraten. Bei 30 °C waschen, Knöpfe unempfindlich.</p><p><strong>Material:</strong> Baumwoll-Piqué</p>",LA DOCCIA,Mode,"Mode,oberteile,herren,KI-Bild",TRUE,Größe,S,,,LD-P149-S,,shopify,25,deny,manual,149,TRUE,TRUE,https://raw.githubusercontent.com/Hassan-aesthetica/la-doccia/main/assets/p/149_a.jpg,1,Premium-Polo „Bottone“,,active
ld-p149-premium-polo-bottone,,,,,,,,M,,,LD-P149-M,,shopify,25,deny,manual,149,TRUE,TRUE,,,,,
ld-p149-premium-polo-bottone,,,,,,,,L,,,LD-P149-L,,shopify,25,deny,manual,149,TRUE,TRUE,,,,,
ld-p149-premium-polo-bottone,,,,,,,,XL,,,LD-P149-XL,,shopify,25,deny,manual,149,TRUE,TRUE,,,,,
ld-p149-premium-polo-bottone,,,,,,,,,,,,,,,,,,,,https://raw.githubusercontent.com/Hassan-aesthetica/la-doccia/main/assets/p/149_a_v2.jpg,2,Premium-Polo „Bottone“,,
ld-p149-premium-polo-bottone,,,,,,,,,,,,,,,,,,,,https://raw.githubusercontent.com/Hassan-aesthetica/la-doccia/main/assets/p/149_a_v3.jpg,3,Premium-Polo „Bottone“,,
ld-p150-track-jacke-pista-donna,Track-Jacke „Pista Donna“,"<p>p150</p><p><strong>Gut zu wissen:</strong> Stehkragen, zwei Reißverschlusstaschen. Bei 30 °C waschen.</p><p><strong>Material:</strong> Technischer Jersey</p>",LA DOCCIA,Mode,"Mode,sport,damen,KI-Bild",TRUE,Größe,XS,,,LD-P150-XS,,shopify,25,deny,manual,189,TRUE,TRUE,https://raw.githubusercontent.com/Hassan-aesthetica/la-doccia/main/assets/p/150_a.jpg,1,Track-Jacke „Pista Donna“,,active
ld-p150-track-jacke-pista-donna,,,,,,,,S,,,LD-P150-S,,shopify,25,deny,manual,189,TRUE,TRUE,,,,,
ld-p150-track-jacke-pista-donna,,,,,,,,M,,,LD-P150-M,,shopify,25,deny,manual,189,TRUE,TRUE,,,,,
ld-p150-track-jacke-pista-donna,,,,,,,,L,,,LD-P150-L,,shopify,25,deny,manual,189,TRUE,TRUE,,,,,
ld-p150-track-jacke-pista-donna,,,,,,,,,,,,,,,,,,,,https://raw.githubusercontent.com/Hassan-aesthetica/la-doccia/main/assets/p/150_a_v2.jpg,2,Track-Jacke „Pista Donna“,,
ld-p150-track-jacke-pista-donna,,,,,,,,,,,,,,,,,,,,https://raw.githubusercontent.com/Hassan-aesthetica/la-doccia/main/assets/p/150_a_v3.jpg,3,Track-Jacke „Pista Donna“,,
ld-p151-kinder-strickpulli-quadretti-mini,Kinder-Strickpulli „Quadretti Mini“,"<p>p151</p><p><strong>Gut zu wissen:</strong> Rippbündchen an Kragen und Ärmeln. Wollwaschgang, liegend trocknen.</p><p><strong>Material:</strong> Weiche Wollmischung</p>",LA DOCCIA,Mode,"Mode,oberteile,kinder,KI-Bild",TRUE,Größe,98/104,,,LD-P151-98104,,shopify,25,deny,manual,69,TRUE,TRUE,https://raw.githubusercontent.com/Hassan-aesthetica/la-doccia/main/assets/p/151_a.jpg,1,Kinder-Strickpulli „Quadretti Mini“,,active
ld-p151-kinder-strickpulli-quadretti-mini,,,,,,,,110/116,,,LD-P151-110116,,shopify,25,deny,manual,69,TRUE,TRUE,,,,,
ld-p151-kinder-strickpulli-quadretti-mini,,,,,,,,122/128,,,LD-P151-122128,,shopify,25,deny,manual,69,TRUE,TRUE,,,,,
ld-p151-kinder-strickpulli-quadretti-mini,,,,,,,,,,,,,,,,,,,,https://raw.githubusercontent.com/Hassan-aesthetica/la-doccia/main/assets/p/151_a_v2.jpg,2,Kinder-Strickpulli „Quadretti Mini“,,
ld-p151-kinder-strickpulli-quadretti-mini,,,,,,,,,,,,,,,,,,,,https://raw.githubusercontent.com/Hassan-aesthetica/la-doccia/main/assets/p/151_a_v3.jpg,3,Kinder-Strickpulli „Quadretti Mini“,,
ld-p152-cap-coriandoli,Cap „Coriandoli“,"<p>p152</p><p><strong>Gut zu wissen:</strong> Silberne Metallschließe, größenverstellbar. Nicht waschen, feucht abwischen.</p><p><strong>Material:</strong> 100 % Baumwoll-Twill</p>",LA DOCCIA,Mode,"Mode,huete,herren,KI-Bild",TRUE,Title,Default Title,,,LD-P152,,shopify,25,deny,manual,79,TRUE,TRUE,https://raw.githubusercontent.com/Hassan-aesthetica/la-doccia/main/assets/p/122_a.jpg,1,Cap „Coriandoli“,,active
ld-p152-cap-coriandoli,,,,,,,,,,,,,,,,,,,,https://raw.githubusercontent.com/Hassan-aesthetica/la-doccia/main/assets/p/122_b.jpg,2,Cap „Coriandoli“,,
ld-p152-cap-coriandoli,,,,,,,,,,,,,,,,,,,,https://raw.githubusercontent.com/Hassan-aesthetica/la-doccia/main/assets/p/122_a_v2.jpg,3,Cap „Coriandoli“,,
ld-p153-strick-polo-maglia,Strick-Polo „Maglia“,"<p>p153</p><p><strong>Gut zu wissen:</strong> Gestickte Gold-Wortmarke mit den vier Quadraten. Wollwaschgang, liegend trocknen.</p><p><strong>Material:</strong> Feine Merinowolle</p>",LA DOCCIA,Mode,"Mode,oberteile,herren,KI-Bild",TRUE,Größe,S,,,LD-P153-S,,shopify,25,deny,manual,159,TRUE,TRUE,https://raw.githubusercontent.com/Hassan-aesthetica/la-doccia/main/assets/p/153_a.jpg,1,Strick-Polo „Maglia“,,active
ld-p153-strick-polo-maglia,,,,,,,,M,,,LD-P153-M,,shopify,25,deny,manual,159,TRUE,TRUE,,,,,
ld-p153-strick-polo-maglia,,,,,,,,L,,,LD-P153-L,,shopify,25,deny,manual,159,TRUE,TRUE,,,,,
ld-p153-strick-polo-maglia,,,,,,,,XL,,,LD-P153-XL,,shopify,25,deny,manual,159,TRUE,TRUE,,,,,
ld-p153-strick-polo-maglia,,,,,,,,,,,,,,,,,,,,https://raw.githubusercontent.com/Hassan-aesthetica/la-doccia/main/assets/p/153_a_v2.jpg,2,Strick-Polo „Maglia“,,
ld-p153-strick-polo-maglia,,,,,,,,,,,,,,,,,,,,https://raw.githubusercontent.com/Hassan-aesthetica/la-doccia/main/assets/p/153_a_v3.jpg,3,Strick-Polo „Maglia“,,
ld-p154-blazer-sartoria,Blazer „Sartoria“,"<p>p154</p><p><strong>Gut zu wissen:</strong> Tailliert geschnitten, voll gefüttert. Nur Reinigung.</p><p><strong>Material:</strong> Woll-Mix, gefüttert</p>",LA DOCCIA,Mode,"Mode,jacken,damen,KI-Bild",TRUE,Größe,XS,,,LD-P154-XS,,shopify,25,deny,manual,299,TRUE,TRUE,https://raw.githubusercontent.com/Hassan-aesthetica/la-doccia/main/assets/p/154_a.jpg,1,Blazer „Sartoria“,,active
ld-p154-blazer-sartoria,,,,,,,,S,,,LD-P154-S,,shopify,25,deny,manual,299,TRUE,TRUE,,,,,
ld-p154-blazer-sartoria,,,,,,,,M,,,LD-P154-M,,shopify,25,deny,manual,299,TRUE,TRUE,,,,,
ld-p154-blazer-sartoria,,,,,,,,L,,,LD-P154-L,,shopify,25,deny,manual,299,TRUE,TRUE,,,,,
ld-p154-blazer-sartoria,,,,,,,,,,,,,,,,,,,,https://raw.githubusercontent.com/Hassan-aesthetica/la-doccia/main/assets/p/154_a_v2.jpg,2,Blazer „Sartoria“,,
ld-p154-blazer-sartoria,,,,,,,,,,,,,,,,,,,,https://raw.githubusercontent.com/Hassan-aesthetica/la-doccia/main/assets/p/154_a_v3.jpg,3,Blazer „Sartoria“,,
ld-p155-mantel-cappotto,Mantel „Cappotto“,"<p>p155</p><p><strong>Gut zu wissen:</strong> Knielang, zwei Innentaschen. Nur Reinigung.</p><p><strong>Material:</strong> Weiche Wollmischung</p>",LA DOCCIA,Mode,"Mode,jacken,herren,KI-Bild",TRUE,Größe,S,,,LD-P155-S,,shopify,25,deny,manual,399,TRUE,TRUE,https://raw.githubusercontent.com/Hassan-aesthetica/la-doccia/main/assets/p/155_a.jpg,1,Mantel „Cappotto“,,active
ld-p155-mantel-cappotto,,,,,,,,M,,,LD-P155-M,,shopify,25,deny,manual,399,TRUE,TRUE,,,,,
ld-p155-mantel-cappotto,,,,,,,,L,,,LD-P155-L,,shopify,25,deny,manual,399,TRUE,TRUE,,,,,
ld-p155-mantel-cappotto,,,,,,,,XL,,,LD-P155-XL,,shopify,25,deny,manual,399,TRUE,TRUE,,,,,
ld-p155-mantel-cappotto,,,,,,,,,,,,,,,,,,,,https://raw.githubusercontent.com/Hassan-aesthetica/la-doccia/main/assets/p/155_a_v2.jpg,2,Mantel „Cappotto“,,
ld-p155-mantel-cappotto,,,,,,,,,,,,,,,,,,,,https://raw.githubusercontent.com/Hassan-aesthetica/la-doccia/main/assets/p/155_a_v3.jpg,3,Mantel „Cappotto“,,
ld-p156-seidentuch-quadrato,Seidentuch „Quadrato“,"<p>p156</p><p><strong>Gut zu wissen:</strong> 90 × 90 cm, handrollierter Saum. Nur Handwäsche kalt.</p><p><strong>Material:</strong> 100 % Seide</p>",LA DOCCIA,Mode,"Mode,acc,damen,KI-Bild",TRUE,Title,Default Title,,,LD-P156,,shopify,25,deny,manual,99,TRUE,TRUE,https://raw.githubusercontent.com/Hassan-aesthetica/la-doccia/main/assets/p/156_a.jpg,1,Seidentuch „Quadrato“,,active
ld-p156-seidentuch-quadrato,,,,,,,,,,,,,,,,,,,,https://raw.githubusercontent.com/Hassan-aesthetica/la-doccia/main/assets/p/156_a_v2.jpg,2,Seidentuch „Quadrato“,,
ld-p156-seidentuch-quadrato,,,,,,,,,,,,,,,,,,,,https://raw.githubusercontent.com/Hassan-aesthetica/la-doccia/main/assets/p/156_a_v3.jpg,3,Seidentuch „Quadrato“,,
ld-p157-chino-gamba,Chino „Gamba“,<p>p157</p><p><strong>Gut zu wissen:</strong> Goldener Quadrat-Nietenknopf. Bei 30 °C waschen.</p><p><strong>Material:</strong> Baumwoll-Twill mit Stretch</p>,LA DOCCIA,Mode,"Mode,hosen,herren,KI-Bild",TRUE,Größe,46,,,LD-P157-46,,shopify,25,deny,manual,149,TRUE,TRUE,https://raw.githubusercontent.com/Hassan-aesthetica/la-doccia/main/assets/p/157_a.jpg,1,Chino „Gamba“,,active
ld-p157-chino-gamba,,,,,,,,48,,,LD-P157-48,,shopify,25,deny,manual,149,TRUE,TRUE,,,,,
ld-p157-chino-gamba,,,,,,,,50,,,LD-P157-50,,shopify,25,deny,manual,149,TRUE,TRUE,,,,,
ld-p157-chino-gamba,,,,,,,,52,,,LD-P157-52,,shopify,25,deny,manual,149,TRUE,TRUE,,,,,
ld-p157-chino-gamba,,,,,,,,54,,,LD-P157-54,,shopify,25,deny,manual,149,TRUE,TRUE,,,,,
ld-p157-chino-gamba,,,,,,,,,,,,,,,,,,,,https://raw.githubusercontent.com/Hassan-aesthetica/la-doccia/main/assets/p/157_a_v2.jpg,2,Chino „Gamba“,,
ld-p157-chino-gamba,,,,,,,,,,,,,,,,,,,,https://raw.githubusercontent.com/Hassan-aesthetica/la-doccia/main/assets/p/157_a_v3.jpg,3,Chino „Gamba“,,
ld-p158-sneaker-passo,Sneaker „Passo“,"<p>p158</p><p><strong>Gut zu wissen:</strong> Cremefarbene Cupsohle, goldener Schriftzug. Mit Lederpflege behandeln.</p><p><strong>Material:</strong> Vollnarbiges Leder</p>",LA DOCCIA,Mode,"Mode,schuhe,herren,KI-Bild",TRUE,Größe,41,,,LD-P158-41,,shopify,25,deny,manual,249,TRUE,TRUE,https://raw.githubusercontent.com/Hassan-aesthetica/la-doccia/main/assets/p/158_a.jpg,1,Sneaker „Passo“,,active
ld-p158-sneaker-passo,,,,,,,,42,,,LD-P158-42,,shopify,25,deny,manual,249,TRUE,TRUE,,,,,
ld-p158-sneaker-passo,,,,,,,,43,,,LD-P158-43,,shopify,25,deny,manual,249,TRUE,TRUE,,,,,
ld-p158-sneaker-passo,,,,,,,,44,,,LD-P158-44,,shopify,25,deny,manual,249,TRUE,TRUE,,,,,
ld-p158-sneaker-passo,,,,,,,,45,,,LD-P158-45,,shopify,25,deny,manual,249,TRUE,TRUE,,,,,
ld-p158-sneaker-passo,,,,,,,,46,,,LD-P158-46,,shopify,25,deny,manual,249,TRUE,TRUE,,,,,
ld-p158-sneaker-passo,,,,,,,,,,,,,,,,,,,,https://raw.githubusercontent.com/Hassan-aesthetica/la-doccia/main/assets/p/158_a_v2.jpg,2,Sneaker „Passo“,,
ld-p158-sneaker-passo,,,,,,,,,,,,,,,,,,,,https://raw.githubusercontent.com/Hassan-aesthetica/la-doccia/main/assets/p/158_a_v3.jpg,3,Sneaker „Passo“,,
ld-p110-kinder-bademantel-nuvola,Kinder-Bademantel „Nuvola“,"<p>p110</p><p><strong>Gut zu wissen:</strong> Saugstarkes Frottee, aufgesetzte Taschen, Aufhänger im Kragen. Bei 60 °C waschbar.</p><p><strong>Material:</strong> 100 % Baumwolle (Frottee)</p>",LA DOCCIA,Textil,"Textil,maentel,kinder,KI-Bild",TRUE,Größe,98/104,,,LD-P110-98104,,shopify,25,deny,manual,44,TRUE,TRUE,https://raw.githubusercontent.com/Hassan-aesthetica/la-doccia/main/assets/p/110_a.jpg,1,Kinder-Bademantel „Nuvola“,,active
ld-p110-kinder-bademantel-nuvola,,,,,,,,110/116,,,LD-P110-110116,,shopify,25,deny,manual,44,TRUE,TRUE,,,,,
ld-p110-kinder-bademantel-nuvola,,,,,,,,122/128,,,LD-P110-122128,,shopify,25,deny,manual,44,TRUE,TRUE,,,,,
ld-p110-kinder-bademantel-nuvola,,,,,,,,,,,,,,,,,,,,https://raw.githubusercontent.com/Hassan-aesthetica/la-doccia/main/assets/p/110_b.jpg,2,Kinder-Bademantel „Nuvola“,,
ld-p111-kinder-poncho-onda,Kinder-Poncho „Onda“,"<p>p111</p><p><strong>Gut zu wissen:</strong> Für Schwimmbad und Strand, trocknet schnell, eine Größe für 2–6 Jahre. Bei 60 °C waschbar.</p><p><strong>Material:</strong> 100 % Baumwolle</p>",LA DOCCIA,Textil,"Textil,tuecher,kinder,KI-Bild",TRUE,Title,Default Title,,,LD-P111,,shopify,25,deny,manual,29,TRUE,TRUE,https://raw.githubusercontent.com/Hassan-aesthetica/la-doccia/main/assets/p/111_a.jpg,1,Kinder-Poncho „Onda“,,active
ld-p111-kinder-poncho-onda,,,,,,,,,,,,,,,,,,,,https://raw.githubusercontent.com/Hassan-aesthetica/la-doccia/main/assets/p/111_b.jpg,2,Kinder-Poncho „Onda“,,
ld-p112-kinder-regenschirm-goccia,Kinder-Regenschirm „Goccia“,"<p>p112</p><p><strong>Gut zu wissen:</strong> Leichtgängig zu öffnen, abgerundete Spitzen, Ø 72 cm. Griff für kleine Hände.</p>",LA DOCCIA,Mode,"Mode,acc,kinder,KI-Bild",TRUE,Title,Default Title,,,LD-P112,,shopify,25,deny,manual,22,TRUE,TRUE,https://raw.githubusercontent.com/Hassan-aesthetica/la-doccia/main/assets/p/112_a.jpg,1,Kinder-Regenschirm „Goccia“,,active
ld-p112-kinder-regenschirm-goccia,,,,,,,,,,,,,,,,,,,,https://raw.githubusercontent.com/Hassan-aesthetica/la-doccia/main/assets/p/112_b.jpg,2,Kinder-Regenschirm „Goccia“,,
ld-p112-kinder-regenschirm-goccia,,,,,,,,,,,,,,,,,,,,https://raw.githubusercontent.com/Hassan-aesthetica/la-doccia/main/assets/p/112_a_v2.jpg,3,Kinder-Regenschirm „Goccia“,,
ld-p112-kinder-regenschirm-goccia,,,,,,,,,,,,,,,,,,,,https://raw.githubusercontent.com/Hassan-aesthetica/la-doccia/main/assets/p/112_a_v3.jpg,4,Kinder-Regenschirm „Goccia“,,
ld-p113-eau-de-parfum-quattro-50-ml,"Eau de Parfum „Quattro“, 50 ml","<p>p113</p><p><strong>Gut zu wissen:</strong> 13 % Duftölanteil, hält 7–9 Stunden. Design geschützt, Erstveröffentlichung dokumentiert.</p>",LA DOCCIA,Parfümerie,"Parfümerie,edp,KI-Bild",TRUE,Title,Default Title,,,LD-P113,,shopify,25,deny,manual,159,TRUE,TRUE,https://raw.githubusercontent.com/Hassan-aesthetica/la-doccia/main/assets/p/113_a.jpg,1,"Eau de Parfum „Quattro“, 50 ml",,active
ld-p113-eau-de-parfum-quattro-50-ml,,,,,,,,,,,,,,,,,,,,https://raw.githubusercontent.com/Hassan-aesthetica/la-doccia/main/assets/p/113_b.jpg,2,"Eau de Parfum „Quattro“, 50 ml",,
ld-p113-eau-de-parfum-quattro-50-ml,,,,,,,,,,,,,,,,,,,,https://raw.githubusercontent.com/Hassan-aesthetica/la-doccia/main/assets/p/113_c.jpg,3,"Eau de Parfum „Quattro“, 50 ml",,
ld-p160-eau-de-parfum-quattro-vetro-50-ml,"Eau de Parfum „Quattro Vetro“, 50 ml",<p>p160</p><p><strong>Gut zu wissen:</strong> Satinierte Glas-Edition — dieselbe Duftkomposition wie „Quattro“. Design geschützt.</p>,LA DOCCIA,Parfümerie,"Parfümerie,edp,KI-Bild",TRUE,Title,Default Title,,,LD-P160,,shopify,25,deny,manual,159,TRUE,TRUE,https://raw.githubusercontent.com/Hassan-aesthetica/la-doccia/main/assets/p/113_glas_a.jpg,1,"Eau de Parfum „Quattro Vetro“, 50 ml",,active
ld-p160-eau-de-parfum-quattro-vetro-50-ml,,,,,,,,,,,,,,,,,,,,https://raw.githubusercontent.com/Hassan-aesthetica/la-doccia/main/assets/p/113_glas_b.jpg,2,"Eau de Parfum „Quattro Vetro“, 50 ml",,
ld-p160-eau-de-parfum-quattro-vetro-50-ml,,,,,,,,,,,,,,,,,,,,https://raw.githubusercontent.com/Hassan-aesthetica/la-doccia/main/assets/p/113_glas_c.jpg,3,"Eau de Parfum „Quattro Vetro“, 50 ml",,
ld-p114-eau-de-parfum-cubo-50-ml,"Eau de Parfum „Cubo“, 50 ml","<p>p114</p><p><strong>Gut zu wissen:</strong> 12 % Duftölanteil, hält 6–8 Stunden. Steht wie ein Designobjekt im Regal — genau so gedacht.</p>",LA DOCCIA,Parfümerie,"Parfümerie,edp,KI-Bild",TRUE,Title,Default Title,,,LD-P114,,shopify,25,deny,manual,139,TRUE,TRUE,https://raw.githubusercontent.com/Hassan-aesthetica/la-doccia/main/assets/p/114_a.jpg,1,"Eau de Parfum „Cubo“, 50 ml",,active
ld-p114-eau-de-parfum-cubo-50-ml,,,,,,,,,,,,,,,,,,,,https://raw.githubusercontent.com/Hassan-aesthetica/la-doccia/main/assets/p/114_b.jpg,2,"Eau de Parfum „Cubo“, 50 ml",,
ld-p114-eau-de-parfum-cubo-50-ml,,,,,,,,,,,,,,,,,,,,https://raw.githubusercontent.com/Hassan-aesthetica/la-doccia/main/assets/p/114_c.jpg,3,"Eau de Parfum „Cubo“, 50 ml",,
ld-p164-eau-de-parfum-cubo-vetro-50-ml,"Eau de Parfum „Cubo Vetro“, 50 ml",<p>p164</p><p><strong>Gut zu wissen:</strong> Satinierte Glas-Edition — dieselbe Duftkomposition wie „Cubo“. Design geschützt.</p>,LA DOCCIA,Parfümerie,"Parfümerie,edp,KI-Bild",TRUE,Title,Default Title,,,LD-P164,,shopify,25,deny,manual,139,TRUE,TRUE,https://raw.githubusercontent.com/Hassan-aesthetica/la-doccia/main/assets/p/114_glas_a.jpg,1,"Eau de Parfum „Cubo Vetro“, 50 ml",,active
ld-p164-eau-de-parfum-cubo-vetro-50-ml,,,,,,,,,,,,,,,,,,,,https://raw.githubusercontent.com/Hassan-aesthetica/la-doccia/main/assets/p/114_glas_b.jpg,2,"Eau de Parfum „Cubo Vetro“, 50 ml",,
ld-p164-eau-de-parfum-cubo-vetro-50-ml,,,,,,,,,,,,,,,,,,,,https://raw.githubusercontent.com/Hassan-aesthetica/la-doccia/main/assets/p/114_glas_c.jpg,3,"Eau de Parfum „Cubo Vetro“, 50 ml",,
ld-p116-plateau-sneaker-nuvola,Plateau-Sneaker „Nuvola“,"<p>p116</p><p><strong>Gut zu wissen:</strong> Geprägtes LA DOCCIA an der Ferse, vier gestickte Quadrate am Schaft. Sohle abwischbar, Obermaterial imprägniert.</p><p><strong>Material:</strong> Canvas, Gummisohle</p>",LA DOCCIA,Mode,"Mode,schuhe,damen,KI-Bild",TRUE,Größe,36,Farbe,Weiß,LD-P116-36-WEI,,shopify,25,deny,manual,179,TRUE,TRUE,https://raw.githubusercontent.com/Hassan-aesthetica/la-doccia/main/assets/p/116_a.jpg,1,Plateau-Sneaker „Nuvola“,https://raw.githubusercontent.com/Hassan-aesthetica/la-doccia/main/assets/p/116_a.jpg,active
ld-p116-plateau-sneaker-nuvola,,,,,,,,36,,Türkis,LD-P116-36-TÜR,,shopify,25,deny,manual,179,TRUE,TRUE,,,,https://raw.githubusercontent.com/Hassan-aesthetica/la-doccia/main/assets/p/116_tuerkis.jpg,
ld-p116-plateau-sneaker-nuvola,,,,,,,,36,,Gelb,LD-P116-36-GEL,,shopify,25,deny,manual,179,TRUE,TRUE,,,,https://raw.githubusercontent.com/Hassan-aesthetica/la-doccia/main/assets/p/116_gelb.jpg,
ld-p116-plateau-sneaker-nuvola,,,,,,,,37,,Weiß,LD-P116-37-WEI,,shopify,25,deny,manual,179,TRUE,TRUE,,,,https://raw.githubusercontent.com/Hassan-aesthetica/la-doccia/main/assets/p/116_a.jpg,
ld-p116-plateau-sneaker-nuvola,,,,,,,,37,,Türkis,LD-P116-37-TÜR,,shopify,25,deny,manual,179,TRUE,TRUE,,,,https://raw.githubusercontent.com/Hassan-aesthetica/la-doccia/main/assets/p/116_tuerkis.jpg,
ld-p116-plateau-sneaker-nuvola,,,,,,,,37,,Gelb,LD-P116-37-GEL,,shopify,25,deny,manual,179,TRUE,TRUE,,,,https://raw.githubusercontent.com/Hassan-aesthetica/la-doccia/main/assets/p/116_gelb.jpg,
ld-p116-plateau-sneaker-nuvola,,,,,,,,38,,Weiß,LD-P116-38-WEI,,shopify,25,deny,manual,179,TRUE,TRUE,,,,https://raw.githubusercontent.com/Hassan-aesthetica/la-doccia/main/assets/p/116_a.jpg,
ld-p116-plateau-sneaker-nuvola,,,,,,,,38,,Türkis,LD-P116-38-TÜR,,shopify,25,deny,manual,179,TRUE,TRUE,,,,https://raw.githubusercontent.com/Hassan-aesthetica/la-doccia/main/assets/p/116_tuerkis.jpg,
ld-p116-plateau-sneaker-nuvola,,,,,,,,38,,Gelb,LD-P116-38-GEL,,shopify,25,deny,manual,179,TRUE,TRUE,,,,https://raw.githubusercontent.com/Hassan-aesthetica/la-doccia/main/assets/p/116_gelb.jpg,
ld-p116-plateau-sneaker-nuvola,,,,,,,,39,,Weiß,LD-P116-39-WEI,,shopify,25,deny,manual,179,TRUE,TRUE,,,,https://raw.githubusercontent.com/Hassan-aesthetica/la-doccia/main/assets/p/116_a.jpg,
ld-p116-plateau-sneaker-nuvola,,,,,,,,39,,Türkis,LD-P116-39-TÜR,,shopify,25,deny,manual,179,TRUE,TRUE,,,,https://raw.githubusercontent.com/Hassan-aesthetica/la-doccia/main/assets/p/116_tuerkis.jpg,
ld-p116-plateau-sneaker-nuvola,,,,,,,,39,,Gelb,LD-P116-39-GEL,,shopify,25,deny,manual,179,TRUE,TRUE,,,,https://raw.githubusercontent.com/Hassan-aesthetica/la-doccia/main/assets/p/116_gelb.jpg,
ld-p116-plateau-sneaker-nuvola,,,,,,,,40,,Weiß,LD-P116-40-WEI,,shopify,25,deny,manual,179,TRUE,TRUE,,,,https://raw.githubusercontent.com/Hassan-aesthetica/la-doccia/main/assets/p/116_a.jpg,
ld-p116-plateau-sneaker-nuvola,,,,,,,,40,,Türkis,LD-P116-40-TÜR,,shopify,25,deny,manual,179,TRUE,TRUE,,,,https://raw.githubusercontent.com/Hassan-aesthetica/la-doccia/main/assets/p/116_tuerkis.jpg,
ld-p116-plateau-sneaker-nuvola,,,,,,,,40,,Gelb,LD-P116-40-GEL,,shopify,25,deny,manual,179,TRUE,TRUE,,,,https://raw.githubusercontent.com/Hassan-aesthetica/la-doccia/main/assets/p/116_gelb.jpg,
ld-p116-plateau-sneaker-nuvola,,,,,,,,41,,Weiß,LD-P116-41-WEI,,shopify,25,deny,manual,179,TRUE,TRUE,,,,https://raw.githubusercontent.com/Hassan-aesthetica/la-doccia/main/assets/p/116_a.jpg,
ld-p116-plateau-sneaker-nuvola,,,,,,,,41,,Türkis,LD-P116-41-TÜR,,shopify,25,deny,manual,179,TRUE,TRUE,,,,https://raw.githubusercontent.com/Hassan-aesthetica/la-doccia/main/assets/p/116_tuerkis.jpg,
ld-p116-plateau-sneaker-nuvola,,,,,,,,41,,Gelb,LD-P116-41-GEL,,shopify,25,deny,manual,179,TRUE,TRUE,,,,https://raw.githubusercontent.com/Hassan-aesthetica/la-doccia/main/assets/p/116_gelb.jpg,
ld-p116-plateau-sneaker-nuvola,,,,,,,,,,,,,,,,,,,,https://raw.githubusercontent.com/Hassan-aesthetica/la-doccia/main/assets/p/116_a_v2.jpg,2,Plateau-Sneaker „Nuvola“,,
ld-p116-plateau-sneaker-nuvola,,,,,,,,,,,,,,,,,,,,https://raw.githubusercontent.com/Hassan-aesthetica/la-doccia/main/assets/p/116_a_v3.jpg,3,Plateau-Sneaker „Nuvola“,,
ld-p117-handtasche-quadra,Handtasche „Quadra“,"<p>p117</p><p><strong>Gut zu wissen:</strong> Goldene Hardware, Magnetverschluss, Innenfach mit Reißverschluss.</p><p><strong>Material:</strong> Genarbtes Leder, Baumwollfutter</p>",LA DOCCIA,Mode,"Mode,taschen,damen,KI-Bild",TRUE,Farbe,Gold,,,LD-P117-GOL,,shopify,25,deny,manual,349,TRUE,TRUE,https://raw.githubusercontent.com/Hassan-aesthetica/la-doccia/main/assets/p/117_neu_a.jpg,1,Handtasche „Quadra“,https://raw.githubusercontent.com/Hassan-aesthetica/la-doccia/main/assets/p/117_neu_a.jpg,active
ld-p117-handtasche-quadra,,,,,,,,Schwarz,,,LD-P117-SCH,,shopify,25,deny,manual,349,TRUE,TRUE,,,,https://raw.githubusercontent.com/Hassan-aesthetica/la-doccia/main/assets/p/117_naht-schwarz.jpg,
ld-p117-handtasche-quadra,,,,,,,,Grün,,,LD-P117-GRÜ,,shopify,25,deny,manual,349,TRUE,TRUE,,,,https://raw.githubusercontent.com/Hassan-aesthetica/la-doccia/main/assets/p/117_naht-gruen.jpg,
ld-p117-handtasche-quadra,,,,,,,,,,,,,,,,,,,,https://raw.githubusercontent.com/Hassan-aesthetica/la-doccia/main/assets/p/117_neu_a_v2.jpg,2,Handtasche „Quadra“,,
ld-p117-handtasche-quadra,,,,,,,,,,,,,,,,,,,,https://raw.githubusercontent.com/Hassan-aesthetica/la-doccia/main/assets/p/117_neu_a_v3.jpg,3,Handtasche „Quadra“,,
ld-p118-t-shirt-essenziale,T-Shirt „Essenziale“,"<p>p118</p><p><strong>Gut zu wissen:</strong> Vorgewaschen, verstärkte Schulternähte, Rippkragen mit türkiser Linie. Bei 30 °C waschen.</p><p><strong>Material:</strong> 100 % Bio-Baumwolle, 220 g/m²</p>",LA DOCCIA,Mode,"Mode,oberteile,herren,KI-Bild",TRUE,Größe,S,,,LD-P118-S,,shopify,25,deny,manual,79,TRUE,TRUE,https://raw.githubusercontent.com/Hassan-aesthetica/la-doccia/main/assets/p/118_a.jpg,1,T-Shirt „Essenziale“,,active
ld-p118-t-shirt-essenziale,,,,,,,,M,,,LD-P118-M,,shopify,25,deny,manual,79,TRUE,TRUE,,,,,
ld-p118-t-shirt-essenziale,,,,,,,,L,,,LD-P118-L,,shopify,25,deny,manual,79,TRUE,TRUE,,,,,
ld-p118-t-shirt-essenziale,,,,,,,,XL,,,LD-P118-XL,,shopify,25,deny,manual,79,TRUE,TRUE,,,,,
ld-p118-t-shirt-essenziale,,,,,,,,,,,,,,,,,,,,https://raw.githubusercontent.com/Hassan-aesthetica/la-doccia/main/assets/p/118_b.jpg,2,T-Shirt „Essenziale“,,
ld-p118-t-shirt-essenziale,,,,,,,,,,,,,,,,,,,,https://raw.githubusercontent.com/Hassan-aesthetica/la-doccia/main/assets/p/118_video.mp4,3,T-Shirt „Essenziale“,,
ld-p118-t-shirt-essenziale,,,,,,,,,,,,,,,,,,,,https://raw.githubusercontent.com/Hassan-aesthetica/la-doccia/main/assets/p/118_a_v2.jpg,4,T-Shirt „Essenziale“,,
ld-p118-t-shirt-essenziale,,,,,,,,,,,,,,,,,,,,https://raw.githubusercontent.com/Hassan-aesthetica/la-doccia/main/assets/p/118_a_v3.jpg,5,T-Shirt „Essenziale“,,
ld-p120-poloshirt-marina,Poloshirt „Marina“,"<p>p120</p><p><strong>Gut zu wissen:</strong> Formstabiler Kragen, seitliche Schlitze. Bei 30 °C waschen, in Form ziehen.</p><p><strong>Material:</strong> 100 % Piqué-Baumwolle</p>",LA DOCCIA,Mode,"Mode,oberteile,herren,KI-Bild",TRUE,Größe,S,,,LD-P120-S,,shopify,25,deny,manual,99,TRUE,TRUE,https://raw.githubusercontent.com/Hassan-aesthetica/la-doccia/main/assets/p/120_a.jpg,1,Poloshirt „Marina“,,active
ld-p120-poloshirt-marina,,,,,,,,M,,,LD-P120-M,,shopify,25,deny,manual,99,TRUE,TRUE,,,,,
ld-p120-poloshirt-marina,,,,,,,,L,,,LD-P120-L,,shopify,25,deny,manual,99,TRUE,TRUE,,,,,
ld-p120-poloshirt-marina,,,,,,,,XL,,,LD-P120-XL,,shopify,25,deny,manual,99,TRUE,TRUE,,,,,
ld-p120-poloshirt-marina,,,,,,,,,,,,,,,,,,,,https://raw.githubusercontent.com/Hassan-aesthetica/la-doccia/main/assets/p/120_b.jpg,2,Poloshirt „Marina“,,
ld-p120-poloshirt-marina,,,,,,,,,,,,,,,,,,,,https://raw.githubusercontent.com/Hassan-aesthetica/la-doccia/main/assets/p/120_a_v2.jpg,3,Poloshirt „Marina“,,
ld-p120-poloshirt-marina,,,,,,,,,,,,,,,,,,,,https://raw.githubusercontent.com/Hassan-aesthetica/la-doccia/main/assets/p/120_a_v3.jpg,4,Poloshirt „Marina“,,
ld-p122-cap-quadro,Cap „Quadro“,"<p>p122</p><p><strong>Gut zu wissen:</strong> Goldene Metallschließe, größenverstellbar. Nicht waschen, feucht abwischen.</p><p><strong>Material:</strong> 100 % Baumwoll-Twill</p>",LA DOCCIA,Mode,"Mode,huete,herren,KI-Bild",TRUE,Farbe,Weiß,,,LD-P122-WEI,,shopify,25,deny,manual,69,TRUE,TRUE,https://raw.githubusercontent.com/Hassan-aesthetica/la-doccia/main/assets/p/122_weiss.jpg,1,Cap „Quadro“,https://raw.githubusercontent.com/Hassan-aesthetica/la-doccia/main/assets/p/122_weiss.jpg,active
ld-p122-cap-quadro,,,,,,,,Gelb,,,LD-P122-GEL,,shopify,25,deny,manual,69,TRUE,TRUE,,,,https://raw.githubusercontent.com/Hassan-aesthetica/la-doccia/main/assets/p/122_gelb.jpg,
ld-p122-cap-quadro,,,,,,,,Türkis,,,LD-P122-TÜR,,shopify,25,deny,manual,69,TRUE,TRUE,,,,https://raw.githubusercontent.com/Hassan-aesthetica/la-doccia/main/assets/p/122_tuerkis.jpg,
ld-p122-cap-quadro,,,,,,,,Violett,,,LD-P122-VIO,,shopify,25,deny,manual,69,TRUE,TRUE,,,,https://raw.githubusercontent.com/Hassan-aesthetica/la-doccia/main/assets/p/122_violett.jpg,
ld-p122-cap-quadro,,,,,,,,,,,,,,,,,,,,https://raw.githubusercontent.com/Hassan-aesthetica/la-doccia/main/assets/p/122_weiss_v2.jpg,2,Cap „Quadro“,,
ld-p122-cap-quadro,,,,,,,,,,,,,,,,,,,,https://raw.githubusercontent.com/Hassan-aesthetica/la-doccia/main/assets/p/122_weiss_v3.jpg,3,Cap „Quadro“,,
ld-p124-morgenmantel-uomo,Morgenmantel „Uomo“,"<p>p124</p><p><strong>Gut zu wissen:</strong> Zwei aufgesetzte Taschen, Gürtelschlaufen. Bei 60 °C waschbar, trocknergeeignet.</p><p><strong>Material:</strong> 100 % Baumwolle (Waffelpiqué)</p>",LA DOCCIA,Textil,"Textil,maentel,herren,KI-Bild",TRUE,Größe,M,,,LD-P124-M,,shopify,25,deny,manual,119,TRUE,TRUE,https://raw.githubusercontent.com/Hassan-aesthetica/la-doccia/main/assets/p/124_a.jpg,1,Morgenmantel „Uomo“,,active
ld-p124-morgenmantel-uomo,,,,,,,,L,,,LD-P124-L,,shopify,25,deny,manual,119,TRUE,TRUE,,,,,
ld-p124-morgenmantel-uomo,,,,,,,,XL,,,LD-P124-XL,,shopify,25,deny,manual,119,TRUE,TRUE,,,,,
ld-p124-morgenmantel-uomo,,,,,,,,,,,,,,,,,,,,https://raw.githubusercontent.com/Hassan-aesthetica/la-doccia/main/assets/p/124_b.jpg,2,Morgenmantel „Uomo“,,
ld-p125-saunatuch-80-200-cm,"Saunatuch, 80 × 200 cm","<p>p125</p><p><strong>Gut zu wissen:</strong> Bei 60 °C waschbar, trocknergeeignet. Vor dem ersten Gebrauch separat waschen.</p><p><strong>Material:</strong> 100 % Baumwolle, 500 g/m²</p>",LA DOCCIA,Textil,"Textil,tuecher,herren,KI-Bild",TRUE,Title,Default Title,,,LD-P125,,shopify,25,deny,manual,34,TRUE,TRUE,https://raw.githubusercontent.com/Hassan-aesthetica/la-doccia/main/assets/p/125_a.jpg,1,"Saunatuch, 80 × 200 cm",,active
ld-p125-saunatuch-80-200-cm,,,,,,,,,,,,,,,,,,,,https://raw.githubusercontent.com/Hassan-aesthetica/la-doccia/main/assets/p/125_b.jpg,2,"Saunatuch, 80 × 200 cm",,
ld-p125-saunatuch-80-200-cm,,,,,,,,,,,,,,,,,,,,https://raw.githubusercontent.com/Hassan-aesthetica/la-doccia/main/assets/p/125_video.mp4,3,"Saunatuch, 80 × 200 cm",,
ld-p126-regenjacke-perla-uomo,Regenjacke „Perla Uomo“,"<p>p126</p><p><strong>Gut zu wissen:</strong> Wassersäule 10.000 mm, getapte Nähte, verstellbare Kapuze. Imprägnierung im Trockner reaktivierbar.</p><p><strong>Material:</strong> 100 % Polyester, PFC-frei imprägniert</p>",LA DOCCIA,Mode,"Mode,regen,herren,KI-Bild",TRUE,Größe,S,,,LD-P126-S,,shopify,25,deny,manual,249,TRUE,TRUE,https://raw.githubusercontent.com/Hassan-aesthetica/la-doccia/main/assets/p/126_a.jpg,1,Regenjacke „Perla Uomo“,,active
ld-p126-regenjacke-perla-uomo,,,,,,,,M,,,LD-P126-M,,shopify,25,deny,manual,249,TRUE,TRUE,,,,,
ld-p126-regenjacke-perla-uomo,,,,,,,,L,,,LD-P126-L,,shopify,25,deny,manual,249,TRUE,TRUE,,,,,
ld-p126-regenjacke-perla-uomo,,,,,,,,XL,,,LD-P126-XL,,shopify,25,deny,manual,249,TRUE,TRUE,,,,,
ld-p126-regenjacke-perla-uomo,,,,,,,,,,,,,,,,,,,,https://raw.githubusercontent.com/Hassan-aesthetica/la-doccia/main/assets/p/126_b.jpg,2,Regenjacke „Perla Uomo“,,
ld-p126-regenjacke-perla-uomo,,,,,,,,,,,,,,,,,,,,https://raw.githubusercontent.com/Hassan-aesthetica/la-doccia/main/assets/p/126_video.mp4,3,Regenjacke „Perla Uomo“,,
ld-p126-regenjacke-perla-uomo,,,,,,,,,,,,,,,,,,,,https://raw.githubusercontent.com/Hassan-aesthetica/la-doccia/main/assets/p/126_a_v2.jpg,4,Regenjacke „Perla Uomo“,,
ld-p126-regenjacke-perla-uomo,,,,,,,,,,,,,,,,,,,,https://raw.githubusercontent.com/Hassan-aesthetica/la-doccia/main/assets/p/126_a_v3.jpg,5,Regenjacke „Perla Uomo“,,
